species,CDS,exon,five_prime_UTR,three_prime_UTR,gene,mRNA,contigs,contigs_gt_1k,contigs_gt_5k,contigs_gt_10k,contigs_gt_25k,contigs_gt_50k,total_len,total_len_gt_1k,total_len_gt_5k,total_len_gt_10k,total_len_gt_25k,total_len_gt_50k,largest_contig,gc_content,N50,N75,L50,L75,busco_C_geno,busco_S_geno,busco_D_geno,busco_F_geno,busco_M_geno,busco_C_prot,busco_S_prot,busco_D_prot,busco_F_prot,busco_M_prot,busco_C_tran,busco_S_tran,busco_D_tran,busco_F_tran,busco_M_tran,A,C,N,AA,AC,AG,AT,CA,CC,CG,GA,GC,TA
Acomosus,149528,157953,16361,17991,27024,27024,3133,2946,2174,1831,938,338,381905120,381788528,379849808,377320660,362556338,341492838,24880688,38.34,11759267,10398566,13,22,0.9628,0.9279,0.0349,0.0116,0.0256,0.9419,0.9047,0.0372,0.0233,0.0349,0.9349,0.8977,0.0372,0.0302,0.0349,0.6057,0.3766,0.0178,0.2138,0.0971,0.1147,0.0900,0.0567,0.0600,0.0316,0.1180,0.0390,0.0735
Ahypochondriacus,116228,128012,18555,18281,23847,23883,908,896,473,274,45,19,403889442,403880275,402793506,401366577,397943266,397170297,38124660,32.65,24364990,22052327,7,12,0.9442,0.9186,0.0256,0.0186,0.0372,0.8907,0.8628,0.0279,0.0767,0.0326,0.9116,0.8884,0.0233,0.0791,0.0093,0.6734,0.3265,0.0001,0.2496,0.0349,0.1043,0.1106,0.1204,0.0641,0.0175,0.1092,0.0261,0.0803
Aofficinalis,137853,137853,0,0,27395,27395,11799,4655,2145,1362,595,313,1187539004,1183444729,1178204562,1172577688,1159314500,1149427232,151357931,39.02,131339754,84732013,5,7,0.9349,0.9000,0.0349,0.0349,0.0302,0.8372,0.7977,0.0395,0.1047,0.0581,0.8349,0.7953,0.0395,0.1116,0.0535,0.5915,0.3786,0.0299,0.1996,0.1002,0.1175,0.0871,0.0427,0.0504,0.0279,0.1266,0.0346,0.0704
Athaliana,197160,207465,34621,30634,27416,35386,7,7,7,7,7,7,119667750,119667750,119667750,119667750,119667750,119667750,30427671,36.06,23459830,19698289,3,4,0.9907,0.9814,0.0093,0.0000,0.0093,0.9953,0.7512,0.2442,0.0047,0.0000,0.9977,0.7419,0.2558,0.0023,0.0000,0.6384,0.3600,0.0016,0.2308,0.1044,0.1187,0.0922,0.0616,0.0671,0.0234,0.1279,0.0300,0.0019
Atrichopoda,109783,109783,0,0,26846,26846,5745,5745,1401,674,425,303,706332648,706332648,693172479,688503703,684262459,679932992,15980527,37.47,4927027,2820768,50,97,0.9581,0.9372,0.0209,0.0140,0.0279,0.9744,0.9651,0.0093,0.0209,0.0047,0.9651,0.9581,0.0070,0.0279,0.0070,0.5916,0.3545,0.0539,0.2096,0.0921,0.1151,0.0874,0.0428,0.0696,0.0176,0.1180,0.0311,0.0679
Bdistachyon,286042,317488,59521,60436,34310,52972,10,10,8,8,6,5,271163419,271163419,271157605,271157605,271113479,271067295,75071545,46.40,59130575,48594894,3,4,0.9651,0.9442,0.0209,0.0116,0.0233,0.9977,0.6256,0.3721,0.0023,0.0000,0.9930,0.6070,0.3860,0.0047,0.0023,0.5351,0.4633,0.0016,0.1629,0.0266,0.1221,0.0708,0.1372,0.0722,0.0449,0.1246,0.0586,0.0547
Boleraceacapitata,161719,161719,0,0,35400,35400,9,9,9,9,9,9,385006588,385006588,385006588,385006588,385006588,385006588,57781463,36.31,40895475,40126856,5,7,0.8233,0.6860,0.1372,0.0186,0.1581,0.8256,0.7070,0.1186,0.0233,0.1512,0.8163,0.6977,0.1186,0.0256,0.1581,0.5945,0.3389,0.0666,0.2138,0.0964,0.1076,0.0883,0.0407,0.0649,0.0249,0.1178,0.0285,0.0632
Carietinum,139417,139417,0,0,28269,28269,7163,7163,2394,1723,1040,723,532289632,532289632,523805173,519166495,507144310,496025836,59463898,31.04,39989001,386906,6,97,0.9558,0.9279,0.0279,0.0070,0.0372,0.9535,0.9326,0.0209,0.0279,0.0186,0.9558,0.9349,0.0209,0.0279,0.0163,0.6255,0.2815,0.0930,0.2431,0.0890,0.0906,0.1014,0.0677,0.0517,0.0134,0.1003,0.0202,0.0034
Cclementina,188707,200409,30127,28734,24533,33929,1398,1398,652,288,92,43,301386998,301386998,298806567,296351470,293365554,291683568,51050279,34.96,31410901,25613772,4,7,0.9744,0.9535,0.0209,0.0023,0.0233,0.9860,0.7256,0.2605,0.0116,0.0023,0.9860,0.7093,0.2767,0.0116,0.0023,0.6370,0.3423,0.0206,0.2404,0.0935,0.1076,0.0977,0.0860,0.0579,0.0185,0.1107,0.0331,0.0225
Cgrandiflora,142813,148289,20703,18270,24805,26561,4997,4997,1907,1480,886,505,105346052,105346052,100067047,96813647,87093467,73519643,1487256,36.41,112041,39148,223,628,0.9581,0.9512,0.0070,0.0163,0.0256,0.9744,0.9326,0.0419,0.0186,0.0070,0.9721,0.9233,0.0488,0.0209,0.0070,0.5659,0.3240,0.1100,0.2020,0.0941,0.1074,0.0811,0.0772,0.0609,0.0206,0.1140,0.0274,0.0253
Cpapaya,112604,112604,0,0,27769,27793,5901,5773,3578,2322,834,376,342680090,342581120,337265271,327727200,304063141,288977766,6239266,34.92,1182040,406264,79,192,0.8233,0.8070,0.0163,0.1047,0.0721,0.4512,0.4349,0.0163,0.1209,0.4279,0.7814,0.7605,0.0209,0.1465,0.0721,0.4644,0.2492,0.2864,0.1692,0.0692,0.0808,0.0725,0.0534,0.0039,0.0135,0.0834,0.0217,0.0480
Cquinoa,244166,256890,24323,24111,44776,44776,3486,3486,3486,3481,2654,1236,1385456844,1385456844,1385456844,1385422384,1368710846,1319800246,23816425,36.87,3846917,2040720,105,224,0.9744,0.1860,0.7884,0.0023,0.0233,0.9674,0.2395,0.7279,0.0186,0.0140,0.9744,0.2419,0.7326,0.0140,0.0116,0.6024,0.3519,0.0457,0.2230,0.0951,0.1083,0.0878,0.0545,0.0749,0.0213,0.1114,0.0336,0.0475
Creinhardtii,168238,172825,22892,20660,17741,19526,54,54,52,51,36,30,111100715,111100715,111095959,111089718,110815328,110594264,9730733,64.08,7783580,5206065,7,11,0.8907,0.8814,0.0093,0.0233,0.0860,0.9721,0.9233,0.0488,0.0116,0.0163,0.9465,0.8953,0.0512,0.0279,0.0256,0.3461,0.6174,0.0365,0.0633,0.0024,0.1126,0.0300,0.1514,0.1828,0.0422,0.0870,0.1187,0.0222
Crubella,155333,162526,25263,22553,27682,29547,853,853,344,172,78,42,134834574,134834574,133469640,132263444,130825105,129623608,19624517,35.63,15060676,13734597,4,7,0.9837,0.9628,0.0209,0.0023,0.0140,0.9953,0.9093,0.0860,0.0047,0.0000,0.9907,0.9047,0.0860,0.0093,0.0000,0.6209,0.3437,0.0353,0.2254,0.1007,0.1130,0.0908,0.0681,0.0654,0.0220,0.1204,0.0285,0.0059
Csinensis,279876,301252,43351,41836,25379,46147,12574,12574,5002,3076,1425,960,319231331,319231331,298329566,283990788,258491908,241967478,5927163,34.62,250548,53824,236,912,0.9488,0.9302,0.0186,0.0209,0.0302,0.9419,0.5209,0.4209,0.0488,0.0093,0.9535,0.5023,0.4512,0.0395,0.0070,0.5171,0.2739,0.2090,0.1926,0.0767,0.0895,0.0791,0.0269,0.0545,0.0130,0.0915,0.0256,0.0364
CsubellipsoideaC169,77621,78790,3953,3693,9629,9629,45,45,38,32,30,29,48952548,48952548,48927281,48891687,48856947,48826616,4035500,52.93,1959569,1433446,9,16,0.9279,0.9279,0.0000,0.0140,0.0581,0.8581,0.8512,0.0070,0.0581,0.0837,0.8628,0.8535,0.0093,0.0535,0.0837,0.4707,0.5293,0.0000,0.1134,0.0123,0.1390,0.0574,0.1768,0.0702,0.0431,0.1179,0.0674,0.0313
Czofingiensis,75948,75948,0,0,15369,15369,220,220,135,93,46,28,60363192,60363192,60150286,59841708,59109865,58423004,4698708,50.51,3274445,2651369,8,13,0.9605,0.9558,0.0047,0.0093,0.0302,0.8953,0.8791,0.0163,0.0721,0.0326,0.8837,0.8651,0.0186,0.0837,0.0326,0.4680,0.4776,0.0545,0.1023,0.0248,0.1285,0.0565,0.1977,0.1021,0.0246,0.0905,0.0407,0.0387
Dcarota,160795,160795,0,0,32113,32118,4826,2733,954,692,341,190,421502825,419940939,416269097,414586825,408553572,403143890,51465339,34.79,36610139,33682890,5,8,0.9628,0.9093,0.0535,0.0093,0.0279,0.9000,0.8326,0.0674,0.0395,0.0605,0.9023,0.8395,0.0628,0.0395,0.0581,0.5984,0.3192,0.0824,0.2128,0.0928,0.1039,0.0944,0.0046,0.0627,0.0171,0.1073,0.0282,0.0345
Dsalina,142500,146377,15435,13114,16697,18801,5512,5512,2750,1925,1501,1241,343704392,343704392,337814590,332273273,325544036,316122071,1550595,49.08,353034,169511,310,655,0.4977,0.4953,0.0023,0.2023,0.3000,0.7302,0.6535,0.0767,0.1744,0.0953,0.7279,0.6535,0.0744,0.1651,0.1070,0.4159,0.4010,0.1829,0.1170,0.0275,0.1100,0.0481,0.1497,0.0654,0.0216,0.0888,0.0608,0.0302
Egrandis,239526,253249,37147,39242,36349,46280,4943,4943,2782,1540,539,288,691346258,691346258,684079945,675017438,659979337,651047186,83952244,39.29,57472304,41160059,5,9,0.9581,0.9186,0.0395,0.0070,0.0349,0.9721,0.6233,0.3488,0.0186,0.0093,0.9767,0.6116,0.3651,0.0163,0.0070,0.5624,0.3639,0.0736,0.1988,0.0345,0.1103,0.0817,0.0794,0.0805,0.0260,0.1204,0.0365,0.0611
Esalsugineum,160003,165445,19994,18265,26351,29284,639,639,354,135,44,35,243117811,243117811,242081877,240537950,239291431,238953578,21755756,37.71,13441892,9441222,8,13,0.9907,0.9744,0.0163,0.0023,0.0070,0.9977,0.8907,0.1070,0.0023,0.0000,0.9953,0.8814,0.1140,0.0023,0.0023,0.6110,0.3699,0.0191,0.2183,0.0997,0.1202,0.0864,0.0259,0.0698,0.0255,0.1302,0.0329,0.0340
Fvesca,273797,295458,46966,41985,33538,50732,8,8,8,8,8,8,211673467,211673467,211673467,211673467,211673467,211673467,38873410,38.36,29230061,28944653,4,5,0.9698,0.9372,0.0326,0.0023,0.0279,0.9860,0.6302,0.3558,0.0047,0.0093,0.9837,0.6000,0.3837,0.0070,0.0093,0.5735,0.3569,0.0696,0.1956,0.0982,0.1134,0.0829,0.0103,0.0335,0.0208,0.1163,0.0332,0.0677
Gmax,516059,560910,107929,93760,52872,86256,282,281,276,271,166,122,978386919,978386034,978374170,978341178,976800906,975085383,58286270,34.73,49893278,44949256,10,15,0.9698,0.4256,0.5442,0.0023,0.0279,0.9953,0.2512,0.7442,0.0047,0.0000,0.9953,0.2442,0.7512,0.0047,0.0000,0.6354,0.3381,0.0265,0.2376,0.0959,0.1090,0.0965,0.0685,0.0688,0.0161,0.1126,0.0293,0.0021
Graimondii,486043,527563,89649,86495,37505,77267,1033,1033,712,200,67,41,761406121,761406121,760383000,756623360,754799197,753824486,70713020,33.21,62175169,55868233,6,10,0.9651,0.8837,0.0814,0.0047,0.0302,0.9977,0.3837,0.6140,0.0023,0.0000,0.9953,0.3744,0.6209,0.0023,0.0023,0.6562,0.3263,0.0175,0.2503,0.0958,0.1037,0.1031,0.0579,0.0670,0.0174,0.1091,0.0272,0.0627
Hannuus,231973,255831,41390,50983,52243,52243,1531,1523,1256,998,341,92,3027963057,3027957200,3027181800,3025242177,3014072101,3005604028,246315975,38.53,178899001,168460249,8,12,0.9628,0.8442,0.1186,0.0047,0.0326,0.9767,0.8535,0.1233,0.0116,0.0116,0.9791,0.8512,0.1279,0.0093,0.0116,0.5939,0.3722,0.0339,0.2062,0.1115,0.1055,0.0854,0.0513,0.0691,0.0290,0.1145,0.0323,0.0727
Hvulgare,1263435,1715777,416319,441248,39734,248180,8,8,8,8,8,8,4833791107,4833791107,4833791107,4833791107,4833791107,4833791107,768075024,44.45,657224000,583380513,4,6,0.9000,0.8465,0.0535,0.0349,0.0651,0.9442,0.1302,0.8140,0.0140,0.0419,0.9512,0.1000,0.8512,0.0140,0.0349,0.5253,0.4203,0.0544,0.1568,0.0304,0.1178,0.0733,0.1293,0.0665,0.0345,0.1245,0.0448,0.0564
Kfedtschenkoi,256380,278742,51911,45829,30964,45190,1324,1324,801,602,368,274,256351415,256351415,255215054,253778260,250071640,246616960,10491024,36.61,2451343,1051141,28,69,0.9465,0.8512,0.0953,0.0256,0.0279,0.9651,0.5558,0.4093,0.0326,0.0023,0.9651,0.5326,0.4326,0.0302,0.0047,0.5969,0.3447,0.0585,0.2124,0.0949,0.1043,0.0926,0.0130,0.0674,0.0228,0.1152,0.0325,0.0554
Lsativa,337326,340809,27433,27612,38910,62656,10,10,10,10,10,10,2399509484,2399509484,2399509484,2399509484,2399509484,2399509484,377529803,37.79,257910700,204289203,4,7,0.9814,0.9442,0.0372,0.0070,0.0116,0.9930,0.3535,0.6395,0.0047,0.0023,0.9930,0.3558,0.6372,0.0070,0.0000,0.5728,0.3480,0.0792,0.1940,0.1003,0.1063,0.0861,0.0396,0.0746,0.0222,0.1139,0.0276,0.0441
Lusitatissimum,218797,218797,0,0,43471,43484,88420,3852,966,859,736,665,318250901,300552207,295940841,295195816,293226140,290583444,3087368,39.50,736746,330988,123,280,0.9721,0.3000,0.6721,0.0023,0.0256,0.9907,0.3465,0.6442,0.0023,0.0070,0.9907,0.3442,0.6465,0.0023,0.0070,0.5739,0.3756,0.0505,0.1925,0.1014,0.1130,0.0834,0.0515,0.0521,0.0267,0.1232,0.0344,0.0656
Mdomestica,215867,230620,38129,36043,45116,45116,18,18,18,18,18,18,709561391,709561391,709561391,709561391,709561391,709561391,54945402,38.03,37604908,34748701,8,13,0.9488,0.5791,0.3698,0.0023,0.0488,0.9837,0.6116,0.3721,0.0070,0.0093,0.9860,0.6047,0.3814,0.0070,0.0070,0.5458,0.3349,0.1194,0.1937,0.0922,0.1030,0.0785,0.0779,0.0194,0.0200,0.1075,0.0309,0.0631
Mesculenta,219072,234473,39899,36807,33033,41381,2019,2018,1966,1200,487,317,582281492,582280532,582184174,576563860,565849597,559877986,34959721,35.94,28119335,26335333,10,15,0.9628,0.8907,0.0721,0.0070,0.0302,0.9907,0.7256,0.2651,0.0070,0.0023,0.9884,0.7209,0.2674,0.0093,0.0023,0.5451,0.3058,0.1491,0.1988,0.0784,0.1013,0.0831,0.0083,0.0520,0.0146,0.1006,0.0291,0.0693
Mguttatus,178864,188849,31671,28099,28140,33573,1507,1507,785,273,109,60,312749872,312749872,310316756,306798173,304457385,302666016,26648731,35.43,21212587,18883600,7,11,0.9744,0.9395,0.0349,0.0070,0.0186,0.9907,0.7651,0.2256,0.0047,0.0047,0.9907,0.7558,0.2349,0.0047,0.0047,0.5985,0.3284,0.0731,0.2234,0.0939,0.0935,0.0939,0.0734,0.0141,0.0277,0.1080,0.0292,0.0627
Mpolymorpha,137019,150201,29732,26549,19287,24674,2957,2957,1106,462,311,267,225761139,225761139,219925362,215578347,213626427,211851386,6192411,41.97,1366373,691383,54,111,0.9442,0.9279,0.0163,0.0023,0.0535,0.9791,0.7907,0.1884,0.0047,0.0163,0.9791,0.7884,0.1907,0.0047,0.0163,0.5413,0.3914,0.0673,0.1721,0.0813,0.1149,0.0764,0.0414,0.0362,0.0351,0.1270,0.0424,0.0570
MpusillaCCMP1545,20438,20591,2177,2758,10660,10660,21,21,21,19,19,19,21945545,21945545,21945545,21931133,21931133,21931133,2211167,65.93,1183541,950943,7,12,0.9186,0.9023,0.0163,0.0163,0.0651,0.8674,0.8465,0.0209,0.0628,0.0698,0.8419,0.8209,0.0209,0.0651,0.0930,0.3374,0.6531,0.0095,0.0717,0.0859,0.0923,0.0284,0.0766,0.0831,0.1681,0.1554,0.1165,0.0169
MspRCC299,31160,31398,3806,5944,20206,20206,17,17,17,17,17,17,20989326,20989326,20989326,20989326,20989326,20989326,2053059,63.97,1394110,1145873,7,11,0.9279,0.9047,0.0233,0.0116,0.0605,0.8977,0.8605,0.0372,0.0488,0.0535,0.8907,0.8535,0.0372,0.0488,0.0605,0.3603,0.6397,0.0000,0.0611,0.0567,0.0774,0.0334,0.1015,0.1705,0.1324,0.1467,0.1027,0.0177
Mtruncatula,284973,298601,38869,35951,50894,62319,1949,1949,825,591,266,118,411831487,411831487,409595498,407879675,402715937,397594760,56582383,33.08,49172423,43630510,4,7,0.9488,0.8977,0.0512,0.0140,0.0372,0.9791,0.7070,0.2721,0.0047,0.0163,0.9698,0.6744,0.2953,0.0093,0.0209,0.6321,0.3125,0.0554,0.2413,0.0941,0.0999,0.0976,0.0528,0.0600,0.0151,0.1072,0.0248,0.0704
Oeuropaea,235149,235149,0,0,50684,50684,41256,41251,8468,5877,3111,2109,1142316613,1142313231,1081934549,1063819463,1021012667,986067379,46026434,35.40,12567911,173892,23,799,0.8791,0.7581,0.1209,0.0512,0.0698,0.8349,0.7116,0.1233,0.0791,0.0860,0.8256,0.7093,0.1163,0.0837,0.0907,0.5833,0.3197,0.0970,0.2220,0.0068,0.0923,0.0891,0.1173,0.0319,0.0223,0.1083,0.0276,0.0678
Olucimarinus,10156,10227,1062,1220,7796,7796,21,21,21,21,21,21,13204888,13204888,13204888,13204888,13204888,13204888,1152508,60.44,708927,549133,8,13,0.9023,0.8698,0.0326,0.0116,0.0860,0.8326,0.7791,0.0535,0.0605,0.1070,0.8279,0.7767,0.0512,0.0605,0.1116,0.3956,0.6044,0.0000,0.0561,0.0971,0.0894,0.0425,0.0972,0.0223,0.1523,0.1542,0.1086,0.0214
Osativa,239565,259392,43555,41366,42189,52424,14,14,14,14,14,14,374471240,374471240,374471240,374471240,374471240,374471240,43270923,43.57,29958434,28443022,6,9,0.9767,0.9512,0.0256,0.0023,0.0209,0.9721,0.7419,0.2302,0.0209,0.0070,0.9744,0.7256,0.2488,0.0163,0.0093,0.5641,0.4355,0.0004,0.1796,0.0766,0.1177,0.0807,0.0830,0.0019,0.0413,0.1210,0.0524,0.0663
Othomaeum,129424,132196,8685,8704,28446,28446,625,625,625,625,507,185,243174629,243174629,243174629,243174629,240623007,229621075,7984747,45.34,2386382,1354315,32,65,0.9767,0.9279,0.0488,0.0023,0.0209,0.8302,0.7930,0.0372,0.1186,0.0512,0.8302,0.7907,0.0395,0.1233,0.0465,0.5466,0.4534,0.0000,0.1701,0.0302,0.1215,0.0723,0.0998,0.0843,0.0449,0.1243,0.0561,0.0584
Ppersica,292690,318710,57302,50668,26873,47089,191,191,123,54,18,11,227411381,227411381,227182582,226727739,226219888,226004280,47851208,37.51,27368013,22573980,4,6,0.9721,0.9465,0.0256,0.0023,0.0256,0.9953,0.5419,0.4535,0.0023,0.0023,0.9953,0.5326,0.4628,0.0023,0.0023,0.6173,0.3705,0.0122,0.2222,0.1007,0.1152,0.0896,0.0706,0.0721,0.0200,0.1190,0.0347,0.0700
Ptrichocarpa,339471,371467,70768,65949,42950,63498,1446,1446,887,541,266,181,434134862,434134862,432236251,429863238,425592399,422499723,50495391,33.75,19465461,15760346,8,15,0.9651,0.7651,0.2000,0.0047,0.0302,0.9907,0.5302,0.4605,0.0070,0.0023,0.9953,0.5163,0.4791,0.0047,0.0000,0.6455,0.3288,0.0258,0.2498,0.0921,0.1074,0.0981,0.0138,0.0671,0.0150,0.1115,0.0290,0.0359
Pumbilicalis,25622,26157,5916,5663,13125,13360,2125,2125,845,664,549,439,87698808,87698808,84936051,83701864,81721062,77511503,971100,65.78,202021,104143,130,282,0.3535,0.3372,0.0163,0.0977,0.5488,0.2930,0.2698,0.0233,0.1070,0.6000,0.2907,0.2674,0.0233,0.1186,0.5907,0.3418,0.6568,0.0014,0.0576,0.0556,0.0737,0.0296,0.1251,0.2002,0.1170,0.1095,0.1167,0.0179
Rcommunis,129291,130312,4377,3904,31221,31221,25828,17012,1994,1515,1116,891,350631014,342835286,321282139,317698671,311464016,303498889,4693355,33.84,496528,167308,167,476,0.9512,0.9395,0.0116,0.0186,0.0302,0.9605,0.9558,0.0047,0.0279,0.0116,0.9605,0.9535,0.0070,0.0279,0.0116,0.6358,0.3252,0.0390,0.2366,0.0615,0.1093,0.1003,0.0470,0.0686,0.0162,0.1085,0.0293,0.0879
Sbicolor,239969,266301,51066,53708,34129,47121,870,870,344,232,120,107,708863705,708863705,707158406,706366829,704741194,704275161,80884392,43.88,68658214,61277060,5,8,0.9698,0.9465,0.0233,0.0070,0.0233,0.9930,0.7279,0.2651,0.0047,0.0023,0.9884,0.7163,0.2721,0.0070,0.0047,0.5347,0.4181,0.0472,0.1631,0.0886,0.1211,0.0741,0.0796,0.0684,0.0340,0.1199,0.0485,0.0608
Sitalica,218186,235558,40037,40098,34584,43001,336,336,197,85,35,20,405737341,405737341,405300823,404504293,403800353,403319920,58970518,46.14,47253416,40408058,4,7,0.9698,0.9419,0.0279,0.0093,0.0209,0.9884,0.8047,0.1837,0.0047,0.0070,0.9907,0.7977,0.1930,0.0047,0.0047,0.5321,0.4560,0.0119,0.1597,0.0099,0.1234,0.0713,0.1163,0.0638,0.0418,0.1230,0.0573,0.0562
Slycopersicum,167025,176514,22916,22539,35768,35768,13,13,13,13,13,13,828076956,828076956,828076956,828076956,828076956,828076956,98455869,34.11,66723567,65633393,6,9,0.9698,0.9488,0.0209,0.0023,0.0279,0.9628,0.9581,0.0047,0.0302,0.0070,0.9721,0.9558,0.0163,0.0256,0.0023,0.5938,0.3075,0.0987,0.2115,0.0926,0.1014,0.0937,0.0565,0.0626,0.0148,0.1063,0.0226,0.0583
Smoellendorffii,122857,124643,3138,4682,22285,22285,768,751,510,345,242,217,212761159,212749482,211849451,210696261,209234724,208287987,6951972,45.25,1749879,890268,38,80,0.9628,0.2465,0.7163,0.0116,0.0256,0.9442,0.8744,0.0698,0.0209,0.0349,0.9488,0.8814,0.0674,0.0209,0.0302,0.5373,0.4440,0.0187,0.1657,0.0002,0.1306,0.0697,0.1252,0.0582,0.0369,0.1328,0.0528,0.0516
Spolyrhiza,102160,102160,0,0,19623,19623,33,33,33,33,33,33,145199413,145199413,145199413,145199413,145199413,145199413,11607449,42.01,4924802,3541257,10,18,0.9209,0.9163,0.0047,0.0442,0.0349,0.9186,0.9116,0.0070,0.0628,0.0186,0.9140,0.9070,0.0070,0.0674,0.0186,0.5118,0.3707,0.1174,0.1664,0.0503,0.1118,0.0753,0.0450,0.0737,0.0287,0.1226,0.0379,0.0553
Stuberosum,202449,202449,0,0,39028,56215,13,13,13,13,13,13,773029432,773029432,773029432,773029432,773029432,773029432,88663952,34.81,59756223,52070158,6,10,0.9721,0.9535,0.0186,0.0000,0.0279,0.8488,0.6256,0.2233,0.0442,0.1070,0.8465,0.6209,0.2256,0.0442,0.1093,0.5703,0.3045,0.1252,0.2059,0.0895,0.1007,0.0871,0.0384,0.0613,0.0143,0.1036,0.0237,0.0635
Tcacao,264870,297228,60128,56959,29452,44404,713,713,440,262,114,75,346164918,346164918,345445496,344148900,341865418,340519348,42436413,34.01,34397752,25448839,5,8,0.9744,0.9605,0.0140,0.0023,0.0233,0.9977,0.5186,0.4791,0.0000,0.0023,0.9977,0.5070,0.4907,0.0000,0.0023,0.6310,0.3252,0.0438,0.2386,0.0905,0.1077,0.0971,0.0817,0.0669,0.0136,0.1097,0.0290,0.0244
Vvinifera,297312,297312,0,0,31845,55564,33,33,33,33,33,33,486198630,486198630,486198630,486198630,486198630,486198630,43154196,34.55,23006712,20304914,9,15,0.9535,0.9233,0.0302,0.0116,0.0349,0.9860,0.4953,0.4907,0.0116,0.0023,0.9860,0.5000,0.4860,0.0116,0.0023,0.6330,0.3341,0.0329,0.2398,0.0894,0.1107,0.0965,0.0302,0.0395,0.0123,0.1138,0.0279,0.0689
Zmarina,106110,109310,12852,13011,20450,20450,2228,2228,1122,954,716,596,203914448,203914448,201813604,200596690,196758383,192520467,2654544,38.34,485578,233258,124,272,0.9395,0.9163,0.0233,0.0186,0.0419,0.9860,0.9698,0.0163,0.0023,0.0116,0.9884,0.9721,0.0163,0.0023,0.0093,0.5796,0.3603,0.0601,0.2011,0.0940,0.1083,0.0880,0.0610,0.0592,0.0274,0.1237,0.0306,0.0642
Zmays,924772,1203378,249799,254098,39498,131496,267,267,267,262,259,224,2135083061,2135083061,2135083061,2135045299,2134992229,2133529457,307041717,46.86,223902240,181122637,5,7,0.9535,0.8791,0.0744,0.0116,0.0349,0.9721,0.4093,0.5628,0.0256,0.0023,0.9767,0.3884,0.5884,0.0186,0.0047,0.5237,0.4619,0.0144,0.1579,0.0221,0.1263,0.0668,0.1308,0.0766,0.0431,0.1271,0.0552,0.0539
Alyrata,169384,181761,40703,34714,31073,33132,695,695,464,235,72,49,206667935,206667935,205766616,204152087,201790437,200933512,33132539,36.09,24464547,21221946,4,7,0.9907,0.9698,0.0209,0.0023,0.0070,0.9884,0.9256,0.0628,0.0047,0.0070,0.9930,0.9279,0.0651,0.0023,0.0047,0.5684,0.3209,0.1108,0.2087,0.0906,0.1031,0.0830,0.0753,0.0618,0.0227,0.1133,0.0270,0.0227
Csativus,177988,189732,29115,24872,21503,30364,4219,1636,616,438,380,338,203058019,201337228,199384401,198153647,197296457,195682980,6896804,32.29,993451,468020,51,123,0.9744,0.9581,0.0163,0.0070,0.0186,0.9698,0.6837,0.2860,0.0140,0.0163,0.9744,0.6837,0.2907,0.0140,0.0116,0.6412,0.3058,0.0530,0.2497,0.0914,0.1030,0.0985,0.0441,0.0589,0.0145,0.1098,0.0228,0.0715
Macuminata,197588,199598,7258,16867,36528,36528,12,12,12,12,12,12,472960417,472960417,472960417,472960417,472960417,472960417,141147818,38.87,34148863,29377369,4,8,0.9651,0.8884,0.0767,0.0116,0.0233,0.9558,0.8884,0.0674,0.0395,0.0047,0.9488,0.8837,0.0651,0.0395,0.0116,0.5047,0.3209,0.1744,0.1668,0.0814,0.1013,0.0776,0.0080,0.0287,0.0211,0.1076,0.0316,0.0597
Ppatens,528900,589994,118309,92065,32926,87533,378,378,262,123,65,47,473226588,473226588,472797182,471882275,471003667,470357531,30242098,33.73,17435539,15673097,12,19,0.9488,0.8163,0.1326,0.0000,0.0512,0.9907,0.0116,0.9791,0.0000,0.0093,0.9907,0.0116,0.9791,0.0000,0.0093,0.6541,0.3329,0.0129,0.2376,0.0922,0.1143,0.1050,0.0010,0.0619,0.0170,0.1183,0.0303,0.0675
Taestivum,1339267,1727928,469928,397594,99386,293053,86710,75542,48051,23330,1634,20,634419438,628849184,548781728,368376996,49637031,1120658,70808,44.48,11426,7191,18459,35781,0.8953,0.2698,0.6256,0.0605,0.0442,0.9279,0.1140,0.8140,0.0651,0.0070,0.9395,0.1023,0.8372,0.0605,0.0000,0.5490,0.4402,0.0108,0.1690,0.0776,0.1207,0.0754,0.0287,0.0357,0.0370,0.1220,0.0531,0.0581
Vcarteri,127157,130987,15768,14004,14247,16075,434,434,204,139,110,100,131163211,131163211,130453142,130002990,129550073,129209885,14152940,56.11,2599759,1470181,15,32,0.8907,0.8884,0.0023,0.0256,0.0837,0.9419,0.8674,0.0744,0.0163,0.0419,0.9279,0.8465,0.0814,0.0209,0.0512,0.4194,0.5363,0.0443,0.0180,0.0717,0.1135,0.0463,0.1414,0.1541,0.0636,0.1031,0.0781,0.0379
