"","species","PC1","PC2","PC3","PC4","PC5","PC6","PC7","PC8","PC9","PC10","PC11","PC12","PC13","PC14","PC15","PC16","PC17","PC18","PC19","PC20","PC21","PC22","PC23","PC24","PC25","unrestricted","split0","split1","split2","split3","split4","split5","split6","split7","split8","split9"
"1","Acoerulea",0.314275516913584,1.40840795199226,0.779457451698173,-1.22756346856078,0.776656966175372,0.539760121040225,0.203125559457447,-0.0263500549151191,0.0584700985104655,-0.289719951566032,0.0591993852730221,-0.165397406312785,-0.0512331077320983,0.00188941198283596,-0.0164707154276113,0.08351953845144,-0.00506474696303071,-0.0061780907052518,0.00849013803846678,-0.0114316301461305,-0.0089924736531913,-0.000588601023650571,-0.000178495969188505,-0.000109777971866086,-2.37880120655174e-05,0,"someday_test","someday_test","someday_test","someday_test","someday_test","someday_test","someday_test","someday_test","someday_test","someday_test"
"2","Acomosus",-0.268149777060551,-0.834355530786683,1.83468410915677,0.142313252641624,0.456977292261035,0.0412481815603217,0.125218082645736,-0.0805319413346862,0.520559721162189,0.168933601496732,-0.142561393535923,0.0180406381031295,0.0246945670128923,-0.0755216047982038,-0.0848639168680893,-0.00628120124969692,0.0201837148185778,-0.0324678922067917,0.00534789873986027,-0.0163412301651067,-0.00178352922954865,0.00262321844204925,-0.00161532462403701,0.00165178890397977,0.000120281877032239,1,"train","train","train","train","train","train","train","train","train","train"
"3","Ahalleri",1.87282844960073,-6.24139797061079,-0.874697081389953,-1.19917675454904,-0.828123825291998,0.271112552275728,0.445441659023149,-0.237670619866344,0.272452299859815,0.202522847869302,-0.0523257755506325,-0.0587582462518602,0.283720291516834,-0.0122645286798849,-0.0803506837526405,0.14871548603401,0.0106933084575229,0.00919232778188353,0.0101036447715782,0.00726464542859523,0.0334805612735046,0.0088994173197502,0.00292461366525685,-0.00454078982261006,0.000125858442998107,0,"someday_test","someday_test","someday_test","someday_test","someday_test","someday_test","someday_test","someday_test","someday_test","someday_test"
"4","Ahypochondriacus",1.03499066918339,1.32829992595711,1.32627904408436,0.350672387458861,1.02478263301182,-1.78001850381514,1.86480232260216,-0.0392354011747043,-0.0787268604922439,-0.465295361341003,-0.182115014928058,-0.297749034162905,0.000215127603704325,-0.0765597969523695,-0.00120695399705288,-0.00596448225948027,-0.118270701534123,-0.0641156540812084,0.00489324141352485,-0.0131525121684558,-0.00557520274208308,-0.00131395422323545,0.00160844268990012,-0.0016382240633729,-4.61140838228122e-05,1,"train","train","train","train","train","train","train","train","train","train"
"5","Alinifolium",-0.03038524330064,-1.79009288040281,-1.5711716929411,-0.228457872880853,0.0694343661846478,-0.663228328163791,-0.833492510533455,0.196742165216404,0.129253638269713,-0.0589969913310328,-0.0903980792677783,0.000163497217139902,-0.119027830323324,0.0220857746461383,0.0255850887980592,-0.0155980216223816,-0.0100154972414215,-0.00932346657434278,-0.000483887237450693,-0.00781247888822084,-0.00277028009077821,0.000309233197900416,-0.000293677936717761,0.000572472638573454,0.000190517482616941,0,"someday_test","someday_test","someday_test","someday_test","someday_test","someday_test","someday_test","someday_test","someday_test","someday_test"
"6","Alyrata",1.42780845453957,0.896232299233863,0.90897514017119,-1.57865180294531,0.354422553883211,0.43986367390055,-0.0730447236442927,0.380897965811552,0.23377240894186,-0.0834873570670111,-0.068547459412633,-0.18110586020225,-0.0181398178983929,-8.70603445282808e-05,0.0704055892108807,0.104075200446923,-0.0383274681102745,-0.0349315006350819,0.00876128767082401,-0.0209558962475834,-0.00349770851182772,-0.00280486062029946,0.000620470889350754,-0.00028756160228345,3.38252879831524e-06,1,"train","train","train","test","train","train","train","train","train","test"
"7","Aoccidentale",-2.04206169554272,-0.0803461504171602,-0.233074819838925,-0.358750147455681,2.01550897418053,-0.68516081526918,-0.780499115925178,-0.686021111921405,0.345337598295652,0.213991555032674,0.219971960119172,0.114356860021264,-0.0287062061037158,-0.0153668301849545,-0.0268777972217823,-0.00148725550751227,0.0223717105620221,-0.00209239479014879,0.0027494603952482,0.0307529041763169,-0.00379691693346371,-0.00514584058933413,0.000866447071145475,-0.000815770760304471,7.67994516967281e-05,0,"someday_test","someday_test","someday_test","someday_test","someday_test","someday_test","someday_test","someday_test","someday_test","someday_test"
"8","Aofficinalis",-2.62340047278063,0.933667895603966,3.39166233051981,0.841872268433213,0.0905048408424443,0.27914511953856,0.923237888288461,0.125490376987383,0.119236228156599,-0.0812901004648614,-0.0687857134057686,0.300137111515354,0.0667370098990744,-0.109057334575807,0.0557717853567557,0.0808447710171867,-0.00697403151342954,0.0657607256192317,-0.0844012544778895,0.00969973701394022,-0.00458620544446228,0.00217536856599136,0.0035520059297828,0.00177848939829881,0.00188650883416325,1,"train","train","train","train","train","train","train","train","train","train"
"9","Athaliana",4.48868323047159,3.72674661642275,-1.54778557600714,-1.08981486482314,0.367488956634796,-1.00516620575437,-0.19934195831393,-0.0659920253832509,0.0397170569010144,0.113262332447896,-0.0824293802891625,0.113644170839507,0.0408054831261704,0.0327210199295376,-0.0594508954976853,0.12586493406397,-0.0100182669307608,0.0473889715830171,0.00518424557130863,0.0081596838181968,-0.000837591898302233,0.000796966468617882,-0.00060555747558363,0.000819295589831505,-9.65470000969926e-05,1,"train","train","train","train","train","train","train","train","train","train"
"10","Atrichopoda",-1.20467480401584,-1.10999670416455,1.75968006873599,0.607801697984173,-1.15748201607437,-0.154499698094147,1.01107122176598,0.168104449393282,-0.111633157126305,-0.354024107928457,0.100591396941912,0.115783668128559,-0.00137399392920488,0.142572344255751,0.0185662399580794,-0.0522509420477998,0.0530502606758385,0.0335824307299739,0.0128460711295448,0.00869272556974698,-0.00433701521930642,0.00104950791190844,-0.00108450643191522,0.000762950222459274,-0.000230549389274029,1,"train","train","train","train","train","train","train","train","train","train"
"11","Bbraunii",2.28660317391284,-2.54456472611872,0.0199587133078915,0.776404322335376,-0.932399649550608,1.15323655234084,-0.474329398892663,-0.509979895288667,0.131313248247201,0.0481530480321151,-0.0613817833896186,-0.0813497955576311,-0.0757375795362955,-0.0351679501159933,-0.000203036555097031,0.0240509949263139,-0.0216049219840734,-0.00300954664206982,-0.00557937332101051,-0.0335707351504199,-0.0105269340506233,0.000695931429662285,-0.00192790489256692,0.00119266196811113,8.92663064803735e-06,0,"someday_test","someday_test","someday_test","someday_test","someday_test","someday_test","someday_test","someday_test","someday_test","someday_test"
"12","Bdistachyon",2.51097198955654,4.79572999753076,-1.7863338267448,0.276402583684616,0.465526574295136,0.180717962649038,-0.0369288489072625,-0.0330960178101057,-0.372672167244402,-0.0859032829121635,-0.124315049574129,-0.083861862105128,0.115459031160959,-0.0212508244099531,-0.108367426970686,0.113612926417154,-0.0503210759173828,0.0565756745921013,-0.00286301776999452,0.00480134252376246,-0.0126874796836167,0.000629942116403139,-0.000668281016170647,-0.000137935876064694,-0.000102855152399094,1,"test","train","train","train","train","train","test","train","train","train"
"13","Bhybridum",0.128553277567821,4.46341414419239,-2.3895090713117,0.341613720497788,-0.1605637834368,0.384284084458751,-0.613079206512875,0.805792594716624,-0.394477824700055,-0.00982067302698023,-0.286922918575349,-0.149993236221873,0.133963291811432,-0.0167592082380641,0.0707813874275195,-0.0933746458170289,-0.00210239429464801,-0.0183717720839166,-0.00441685399083022,-0.0098993979748303,0.0158739284802301,-0.0011664598558182,0.0015737599566344,4.05287079990185e-08,0.000215193424800461,0,"someday_test","someday_test","someday_test","someday_test","someday_test","someday_test","someday_test","someday_test","someday_test","someday_test"
"14","Boleraceacapitata",1.89295632892877,4.4236282170581,-0.778286858170869,-0.679410344049377,-1.58711919863212,-0.459916229699557,0.199508676160538,0.562433281462398,0.210398809126351,0.101539139658436,-0.107606069817331,0.0967327313087054,0.00747848848035424,0.0249311205031696,-0.0254776551123475,0.0611631988680643,0.00905560220348832,0.0138013164427564,0.000189143344878198,0.015124088680063,0.00167043560864574,-0.000467307758989814,-0.000290124469788203,0.000412382335666085,-0.000115015761341745,1,"train","train","train","train","train","train","train","train","train","train"
"15","BrapaFPsc",-0.392686746999031,0.340664120648291,1.2537076476424,-1.73687427774826,0.678209196935841,0.724506051020931,0.0613958418133251,0.659776491666319,-0.276047495284111,-0.479958645763418,-0.0332089668087021,0.13659167442202,0.120111758864425,0.16811341661311,-0.102137742970558,-0.0615085410813024,0.00468007527884704,0.0381771645629907,0.0349543265005489,0.00934354862904803,-0.00336487468830858,0.000533672478393006,0.00112639558804158,0.000931931406074383,-5.77482187581136e-05,0,"someday_test","someday_test","someday_test","someday_test","someday_test","someday_test","someday_test","someday_test","someday_test","someday_test"
"16","Bstacei",2.47625943963098,2.75714712382295,-0.59036485059325,-0.200161735176761,0.0551454951319918,0.648811975116862,0.263363739240919,0.187491184866981,-0.468043042179694,-0.456441542295708,-0.170000096150702,0.0539752141071864,-0.00462087787692085,0.0844691207656783,-0.132895459497978,-0.0492126438617867,-0.00597735168818289,0.00611846272174729,0.0186616242375505,-0.00520503245106489,-0.022439241424431,0.00916440493204972,-0.00158293891817806,-0.000508802044390631,0.000219982976994849,0,"someday_test","someday_test","someday_test","someday_test","someday_test","someday_test","someday_test","someday_test","someday_test","someday_test"
"17","Bstricta",1.42807408955525,-1.36666067280845,0.422206874224578,-1.26165441740781,-0.444030305056085,0.0846966223237848,-0.149193169296126,0.020973076501875,-0.201566514815533,-0.162429783613654,0.00875695398977593,0.198377378539258,0.0334912990866234,0.139568116950874,-0.0145581557484182,-0.109809086833404,-0.0105112372783006,0.0174184719752988,0.0286319544311803,-0.0119698034671779,-0.0101195593946152,0.00203426154432713,0.000521940199139318,-0.000109148122003901,0.000151709860377533,1,"test","train","train","train","test","test","train","train","train","train"
"18","Bsylvaticum",0.0473576036565891,1.17636971001182,0.323827086463365,1.42420725958285,2.35493025230541,-0.130025637909463,-0.420778103891074,-0.133236720754764,0.0383861755209253,0.177811314460362,-0.10465057237624,-0.0189975428420701,0.0639636830616492,-0.0105848602266758,0.0189800380374394,0.0539370352697086,-0.0257265217829585,-0.00613794897303572,-0.00218631068159436,0.0173218755744314,0.00542798663712396,-0.000651069416464778,-0.000588796454039626,0.000507068307053233,-0.000127836837387896,0,"someday_test","someday_test","someday_test","someday_test","someday_test","someday_test","someday_test","someday_test","someday_test","someday_test"
"19","Camplexicaulis",-0.49649676638251,-0.703349169954971,-0.541372371924077,-0.469754547239369,0.132589547510431,-0.154397721288865,-0.636269094821771,0.286015846564061,-0.00626416453768505,0.0436055427573823,-0.118016841048728,0.00127999174786395,-0.10667036061106,0.0153447256506988,0.0519409956244065,-0.118235948136424,-0.033293069555978,0.0308521204228436,-0.00111045443606897,0.000260650011426583,0.0052039388441785,-0.00181337574640552,0.000761889269115059,-0.000177555423488009,8.05243172813732e-05,0,"someday_test","someday_test","someday_test","someday_test","someday_test","someday_test","someday_test","someday_test","someday_test","someday_test"
"20","Carietinum",-1.45248408145144,-1.25378245479586,2.43639710126384,-0.713678041944954,-0.391300740352839,-0.685261621424505,0.24646081001327,0.0821718744614079,-0.661722295049895,1.04934500365541,-0.00176780189577136,-0.0543969497146963,-0.268423275260802,-0.00629982071937723,0.0546170357755082,-0.00197554325601496,-0.035401538454492,0.167104805724872,0.0117783145380171,0.0109611334620369,-0.0231944776723187,0.0020986330801057,0.00132844617565579,-0.000506696481824022,-0.000544890507066026,1,"train","train","test","train","train","train","train","train","train","train"
"21","Ccitriodora",-1.99367505206464,-0.564571316502508,1.96439937432921,0.125499454133942,1.56165147863681,0.485333716673123,-0.0505927466364223,0.0407777100367782,-0.0295650380560308,-0.127441477175878,0.0409065933556334,0.233285501308121,0.137877496083204,0.13314948337279,-0.0596782129814982,-0.0514477716819031,-0.0413724034778004,0.00980000737248012,0.0262842098420783,0.0273290184090865,0.0122848607758179,-0.000100955910736143,0.000844023859269313,0.00149648002337806,-0.00021268338009368,0,"someday_test","someday_test","someday_test","someday_test","someday_test","someday_test","someday_test","someday_test","someday_test","someday_test"
"22","Cclementina",0.625311582224273,1.01352900331416,1.31902275017649,-1.09408898241006,0.72768585056539,0.025841042715396,0.571209146700957,-0.191308726032986,0.0109619563981258,-0.189274998778248,0.0535173415016475,-0.160939443692071,0.0542156990991559,-0.0197627746587653,0.00335837091450742,-0.000208344398825468,0.0205164201525987,-0.000547460688555993,0.00720166943029871,0.00900320859271884,-0.00357138668804808,-0.00203884686061694,0.000131814145734936,-0.000673855514594318,-4.24531595422032e-05,1,"train","test","train","train","train","train","train","train","train","train"
"23","Cgrandiflora",2.30894596282971,-4.70051460301166,-0.361919221517004,-1.17280161479399,-0.502742908609601,0.0852519395623248,-0.29596264055502,-0.24531098509261,-0.0100375918776856,0.0906905045790124,-0.0242818148110718,-0.0653078120229425,0.173794452681396,-0.0189297294207118,-0.0646031815600528,-0.000276098448069432,-0.0166725107785999,-0.002249206329758,0.0131566413371274,0.00546949913227429,0.00618198097724908,-0.00360771436746964,0.00183102607741145,0.00209189112800534,-1.482663733789e-05,1,"train","train","train","train","test","train","train","train","train","train"
"24","Chispanica",-1.71952573964878,-3.55787202549095,-0.804571504774259,0.385402523390259,-0.601096123277256,-0.974511666642632,-0.29487954890611,-0.0286512794794642,0.23578811810092,-0.0795199196941342,0.0266135230196068,-0.0295349221685469,-0.0442432801628815,0.0219189836014935,0.0135237300646081,0.0771626508478355,0.00188625012979022,-0.00610611573105579,0.000553096532915315,-0.0127049321172474,-0.0157641524326375,0.00201725230619611,-0.00227362903937473,0.000649903022449038,6.15655060217108e-05,0,"someday_test","someday_test","someday_test","someday_test","someday_test","someday_test","someday_test","someday_test","someday_test","someday_test"
"25","Cmaritima",-2.99738045139971,-5.49048707313054,-1.14164006094455,0.682618689136961,-0.646763238977708,-0.341283028240793,-0.098995789672125,0.208379189116459,0.022552747574448,-0.302774769974971,0.0128916854740484,-0.0767620285478775,-0.00199575269739343,0.0383126255540066,-0.063559750475884,0.0704257367051052,-0.00455754404809421,0.0191182641380762,-0.00141608336099344,0.0112870738951934,0.00179224319600847,-0.0035378349038634,0.00210197518071028,-0.000155123406309949,-8.7292338756764e-05,0,"someday_test","someday_test","someday_test","someday_test","someday_test","someday_test","someday_test","someday_test","someday_test","someday_test"
"26","Cpapaya",-0.184403549899014,-2.85128376924235,1.22829515080158,-0.56069777814582,-1.12080120503733,0.0221883828849539,0.414864716747571,0.238922156111545,0.266194283776522,0.0849969594893418,0.123084398169278,-0.250979947337491,-0.014884523026547,-0.125732999634896,0.0373183044327371,-0.100576803253921,-0.0321127830083178,0.0330033667835075,-0.0168928270871697,0.0207713070820883,0.0189766448825879,0.0111965903616444,-0.00489981360214073,0.00122666157511654,-6.00816968939494e-05,1,"train","train","train","test","train","train","train","train","train","train"
"27","Cquinoa",-3.97238068841336,-1.24816242538139,0.72830002757971,1.19805615916082,-0.964848303289448,-0.434043301463936,0.155792692089805,-0.0665173864714454,0.344484691547949,0.222447869200072,-0.165235800659197,-0.0785791284507246,0.105160176111864,-0.087486981306964,-0.0423207982654515,-0.0216628259983481,0.0321500530313313,0.0121070408014552,-0.00286647897175414,-0.0236852033740122,-0.0130363609511784,-0.00558810434737584,-0.000707303650690645,-7.5121257781354e-06,-0.000143489499209334,1,"train","train","train","train","train","test","train","train","train","train"
"28","Creinhardtii",4.69988425450083,1.32908031658114,-0.432858743108629,0.746874387608627,-0.236933272236292,2.26591734821759,-0.71112643877302,-0.660189866276741,-0.00147931636712822,0.0294948106903784,-0.586586565038842,-0.0874771096878593,-0.21020493768447,-0.0659236675602,-0.0437149704208292,0.00115369942168103,-0.0438806098331314,0.0107232026646195,-0.0290736687332876,0.0346496716025964,0.00355737286082008,-0.00399405051341777,0.000217258900576569,7.54096487675031e-05,-0.000104147701958729,1,"train","train","train","train","train","train","train","train","test","train"
"29","Crubella",2.53348239334582,0.379449411311323,0.797488473756469,-1.71912910076765,0.795655919511618,0.186713757459385,-0.0575530565505132,0.295114596293474,0.119153526894422,-0.197873763979001,-0.0627761286973921,-0.0195072302100596,-0.0289993059693926,0.0463918349167816,-0.0421095593518564,0.02036756396166,0.0360273927595074,-0.0178859340179215,0.0204108309427749,-0.0113024016112488,-0.000742364493280967,0.00392064736573868,7.78599852195266e-05,-0.000192374125087325,0.000119528418975734,1,"train","train","train","train","train","train","train","train","train","train"
"30","Csativus",-0.0603341783633785,-1.9227288015079,-1.07077936453224,-1.70482736067728,0.448915694602062,-0.330571629505405,-0.695871464243233,-0.0942215528182904,-0.432364467581845,-0.259397575239842,0.0908694397282601,0.249500226827384,0.161191458818535,-0.0839881352257422,0.0430769197136813,-0.0423880637661349,0.0205606896246832,-0.0253034736172182,-0.163779787609229,-0.0431666201166621,-0.0173893563356995,0.00660247942588174,0.00255848972481352,-0.000385800132602923,-0.000735071132362424,1,"train","train","train","test","train","train","train","train","train","test"
"31","Csinensis",-1.07472104562613,-4.08380802852252,-0.196272471039543,-0.892238323870851,-0.583257771716752,0.162114408647253,-0.0457664623186373,-0.96903637524824,-0.372331544577825,0.186151298831673,0.253948634383844,-0.23305944002415,0.320472430298306,-0.0561019211788868,0.0472158727157069,6.95394260510386e-06,-0.0250738858563393,-0.00518597725273945,0.00436808153582485,0.0387638357434431,0.0394979465727819,0.0084898951985058,-0.000519455352633645,0.00152060935410101,-4.04122113713621e-05,1,"train","train","train","train","train","train","train","train","train","train"
"32","CsubellipsoideaC169",7.8948485758616,0.196898550743928,-0.0863651236467495,1.69088076565017,1.206447261789,-0.701987305700417,0.393684446282648,-1.27505178488333,-0.152221502838074,-0.0377252512632385,-0.544905939272938,0.146868212451753,-0.0863047593483102,0.0630977132033118,0.0107374326857466,0.0209611197924784,0.0323794527876223,-0.0299294941068296,-0.00447468169079537,0.0211271966269083,0.0122017222099847,0.00461461737182728,-0.000831579376592434,0.000503803443920174,-4.55779285599468e-05,1,"train","train","train","train","train","train","train","test","train","train"
"33","Cviolacea",1.45083036729801,-1.03867102089449,-0.104049522957081,1.91310995417999,1.39621282843477,-2.17259714583684,0.374362227067783,-0.647228385384576,-0.129323177199814,0.173618749879357,-0.127379461136629,0.0743018169621536,0.0116333657955422,0.0369743267765593,0.101421719214222,-0.0291131740551402,-0.00150740364083,-0.00189307992308696,0.00125518589580493,-0.00106614741254601,0.0112908910598663,0.000834899109262597,0.000138191592935272,-7.11419583779181e-05,-7.88403660925109e-05,0,"someday_test","someday_test","someday_test","someday_test","someday_test","someday_test","someday_test","someday_test","someday_test","someday_test"
"34","Czofingiensis",5.98159940110261,-0.406814746269681,0.646571693619582,-0.519470022384836,-0.225711971498108,1.41294915565305,-0.202252926300496,0.00975672349491352,0.201194453043814,-0.101816761822901,-0.128207486070668,-0.115534847800423,-0.168224452230877,-0.0618808374746938,-0.0511899988244105,-0.0428296532992107,-0.00975475952470695,-0.0138542168652771,-0.0105385037808609,0.025222864777974,-0.00361419114929493,-0.000790210003785451,-0.000252448780354271,-0.000213193740445292,5.68985692805731e-05,1,"train","train","train","train","train","train","train","train","train","train"
"35","Dalata",-0.218933520020799,-4.8520074953516,0.250760477642967,-0.181353673402475,-1.01782272715291,-0.0943469733988587,0.237850685269391,-0.832720313272707,-0.0876460628185586,-0.126735291732817,0.141895298643116,0.117066234507968,0.0414237475729751,0.0531502825972936,-0.106818554743397,-0.03055760855839,-0.0216081201832673,-0.0276599370950395,0.0200611818737849,-0.000597737420481997,0.0155329195748048,-0.0123049239276703,0.0056667680956212,0.00347810681561408,-0.00023817557220463,0,"someday_test","someday_test","someday_test","someday_test","someday_test","someday_test","someday_test","someday_test","someday_test","someday_test"
"36","Dcarota",-0.647338258246283,0.290786595566281,2.11315920728746,-0.875492688345216,0.36589008395888,0.167038011147415,0.183345556505593,0.396276400726589,0.19550606912568,-0.123999395747489,-0.0143483527078849,0.289444297610554,0.0530535112988508,-0.0147433356312374,-0.0251668355575656,0.0161746445716486,-0.0120149614112068,-0.0319144790374477,-0.0932037056857414,0.0157378381421815,-0.0128655725569737,0.00521896462827277,0.00110788711470034,0.000673581666125763,-0.000808029520712336,1,"train","train","train","train","train","train","train","test","train","train"
"37","Dsalina",0.32777036428542,-3.83512804647839,0.76872122424799,1.25579004966981,-1.65108782590305,1.15853385770639,0.0977409762170225,-1.13634646077129,0.160685613431286,-0.1994500766149,-0.222312410451877,0.0891706427574701,-0.290209830089305,0.0508582140170474,-0.0357607904986906,0.0112370654065084,0.0199919893418854,-0.00226149813907269,-0.0109792168272027,0.0100139189803843,0.00115184093773156,0.00397594892689208,-0.000428749862367076,-0.00169830754774259,-5.75795820163525e-05,1,"train","train","train","train","train","train","train","train","train","train"
"38","Dsophioides",2.92174553843652,-0.537724693305009,-0.516079307071689,-0.565194821025509,0.359752395305667,-0.958729308612948,-0.425749532624994,-0.103192211036324,-0.0109210257575437,0.246749446090788,-0.0891455229843642,0.0413995135796953,0.190081101000598,0.0181615252051976,0.0519185797028278,-0.0184623755737146,-0.00795717584455335,-0.0149377486030151,0.0141762903331861,-0.01043749087997,-0.00898329955712157,-0.001882556611986,0.000146626981003935,-0.000281202684404394,0.00017035017484748,0,"someday_test","someday_test","someday_test","someday_test","someday_test","someday_test","someday_test","someday_test","someday_test","someday_test"
"39","Dstrictus",2.16554932322873,0.0682512135412466,-0.351772735831258,-0.415233924621893,0.0249378471969106,-0.74629520253182,-0.0461163653682158,0.057360785007995,0.0903506560583792,-0.0775585711160644,-0.0565012561582488,0.0639395707105562,-0.132028723101582,0.0590935749824025,0.0514046534229348,-0.0213873555774104,-0.00575123795301266,0.0168830129524699,0.00469027157445356,-0.0175405004254345,0.00835482077436314,0.00109715755865545,-0.000207041167814855,0.000954274742436534,-1.03551906878717e-05,0,"someday_test","someday_test","someday_test","someday_test","someday_test","someday_test","someday_test","someday_test","someday_test","someday_test"
"40","Egrandis",-2.26159468820644,0.505877465617872,1.92149027813995,-0.131894690706367,0.722291019104672,0.771802308628043,0.0211397476192599,0.145443987833366,0.191406288186943,0.0263524442926982,0.0316977833299727,-0.0961550331822388,0.0298709809798165,0.00699789880766694,0.0778597415923833,0.0166985803479405,-0.0164644576872237,-0.00460353299284589,0.000434195464365496,0.0192409754646687,0.010384559917062,-0.00111488555906043,3.31632456574014e-05,-0.00116104385064473,-0.000141593945386536,1,"train","train","train","train","train","train","train","train","train","train"
"41","Esalsugineum",1.64010580993875,0.854912301936916,0.602233086597983,-0.756457055054079,0.165046109536635,0.072691563873905,0.522819983984821,0.0520965213851044,-0.0911783465377247,-0.350500799209598,-0.119024256985283,-0.19246228502515,-0.0694805378461498,0.0459803562925264,0.140759416928994,0.0268767481417175,-0.00430675474320616,0.0246877159860779,-0.00728403437392652,0.00322696347414425,0.0050116820616932,-0.00612686138408319,0.000476167376044608,4.77464904988282e-05,-0.000166752154404501,1,"train","train","train","test","train","train","train","train","train","train"
"42","Esyriacum",2.22342222022672,0.932647446108026,-0.692703604401547,0.377926908392316,0.618993068325022,-1.65898072276311,0.176469656730033,0.0228732278428281,-0.138290902467185,0.0014016457436993,-0.103963849729758,0.153122909397179,-0.0201332003246527,0.0885109155977242,0.0465619867630642,-0.0434736065022927,-0.0131022852863275,0.0181215627752927,0.0103735392274679,-0.0057528173717602,0.00882049195883148,0.00357273693503419,4.28499698290634e-05,4.45240103223018e-05,1.66456886572688e-05,0,"someday_test","someday_test","someday_test","someday_test","someday_test","someday_test","someday_test","someday_test","someday_test","someday_test"
"43","Evesicaria",-4.34706239576543,-4.80517518689111,-1.65279992081149,0.717993068220766,-0.572501294050896,-0.457850825712707,-0.503898825576891,0.438535219536864,0.13290803052912,-0.411496462958503,0.012594315833134,-0.0751204626646393,-0.262131591880443,0.0366356330987918,-0.0267845127234379,0.0103814157095157,-0.00917513538450118,0.0144959500002412,-0.00996049013785276,0.00341715718102542,-0.00741648841078891,0.00175381933677689,-0.000502684342703978,-5.02077523737866e-05,9.98519425952725e-05,0,"someday_test","someday_test","someday_test","someday_test","someday_test","someday_test","someday_test","someday_test","someday_test","someday_test"
"44","Fvesca",2.67074776068829,4.16051495898227,-1.75826739749807,-1.3734734926874,-0.645208778434344,0.161341935610925,-0.498606386880188,0.0440051325196184,0.097269441413115,0.071135681032419,0.0391828710342439,0.0530383548148051,-0.0138248752988562,-0.00689054978524186,-0.0537500859384814,0.0478569593669847,-0.0167914045352579,0.0299442139227973,0.00051096053484069,-0.00142229374020469,0.000747015701041274,-0.00102305209604952,9.24181777338406e-06,0.000685771576881206,2.68598914071815e-05,1,"train","train","train","train","train","train","train","train","train","train"
"45","Ghirsutum",-6.1452925000718,1.04434392661208,1.14445364756219,0.445942105486333,0.73982523546367,-0.140009324777127,-0.000885291385214038,0.184571413122288,0.434438984771331,0.124535983733996,-0.0502349073241024,-0.134851349125726,-0.073452022691535,-0.118630153121314,-0.0354017308543439,-0.0730777512612644,-0.016093360513021,-0.00111772853829732,-0.0090146284950248,0.0150404828252217,0.0103514933685135,-0.000890514038998327,-0.00124435652963004,0.00105631770009251,-0.000156848068564599,0,"someday_test","someday_test","someday_test","someday_test","someday_test","someday_test","someday_test","someday_test","someday_test","someday_test"
"46","Gmax",-2.90780763492532,2.55110092194515,-0.69500853787924,-0.273768494759623,0.22022359164379,-0.30498971918884,-0.252706329007275,-0.111854744798017,0.23573863949338,-0.0180315553130352,0.0608501170935378,0.016564132753649,-0.156600502589291,-0.0161662954793793,-0.00437827791052595,0.0135165348463717,-0.0464218497876243,-0.0240567026178218,-0.00621149630273568,0.0279035553420152,0.00295268340618529,-0.00203359104830979,0.000912050979219099,-0.000643023019116012,2.24524148737634e-05,1,"train","train","train","train","train","train","train","train","train","train"
"47","GmaxLee",-2.7921267494816,2.48271675999618,-0.314866289726808,-0.166875139459215,-0.132516678233224,-0.278350748590049,-0.250639758614206,-0.1650654456165,0.351486074593461,0.0907936567340751,0.0124853973444699,0.11793122273388,-0.150533808948967,-0.000740194030143302,-0.0420204864676597,-0.00300629242227761,0.00831840540036932,-0.0131771490324135,0.00316406442542963,-0.0040005799947993,0.00969148752331836,0.0018528293978923,7.79603018400046e-05,0.000244388871722122,2.6532057302367e-06,0,"someday_test","someday_test","someday_test","someday_test","someday_test","someday_test","someday_test","someday_test","someday_test","someday_test"
"48","Graimondii",-2.30417758884518,2.31037942229569,-0.0283559534911902,-0.942193247326067,0.854716614290368,-0.125952951646257,0.574356175473255,-0.456815334109016,-0.172645536340502,-0.457042499164876,0.197466989034322,-0.254308995852991,-0.132338259373958,0.0222996515079221,0.117736253808488,0.0342189131076802,0.100221063592427,0.00540493645949704,-0.00701903263946138,0.0102817947059056,0.00232742921148823,-0.00312114663123952,-0.000672701716585619,0.00101186822562259,-5.18152674218793e-05,1,"test","train","train","train","test","train","train","train","train","train"
"49","Gsoja",-2.59260457403756,2.28666310886872,-0.0168511549114348,-0.036824173894212,-0.165817129251413,-0.373325971779225,-0.13908514406476,-0.0168499543747254,0.406501068778304,0.10278199002562,-0.0398289395957597,0.112346067330231,-0.14394299024805,-0.0116789526068878,-0.0625589218400913,-0.0124022903967259,0.0213392869953336,-0.00722213512978465,0.00440487918179772,-0.0124235249854196,0.0118703469544171,0.00254668332099866,-4.30855609502971e-05,0.000380976295819463,-3.29720436016085e-05,0,"someday_test","someday_test","someday_test","someday_test","someday_test","someday_test","someday_test","someday_test","someday_test","someday_test"
"50","Hannuus",-4.92116174592373,2.80341056101019,1.77195192756304,1.32031556118554,-0.477014498258526,0.0451487824831958,1.10319779947548,0.599707718603382,0.2625702871991,-0.0919899326645149,-0.18236339469729,-0.272818185591684,0.044583932861429,-0.160891296330233,-0.106051535788648,-0.0760896366490213,-0.0176627865007158,0.00806175081808859,-0.00374148848230416,-0.0421877549926226,0.00672731812899906,-0.00157056255140295,0.000245933973193558,-0.000440352001742278,-0.000263283270507025,1,"train","train","train","test","train","train","train","test","train","train"
"51","Hvulgare",-5.1558121335551,8.21808102295289,-2.46449349816779,1.07244019398796,-1.06953376372076,0.891450199591541,0.465131773335952,-1.38493351420914,-0.607084575081713,-0.052482186793689,0.836372500351364,-0.0627188750480761,-0.0112587584462331,-0.0811066880998209,-0.0661536542888331,-0.0593011589150274,-0.0393565473772412,-0.00129458786666459,0.00212406730327369,-0.036475289917046,-0.00566587190531381,0.00339765622264317,0.000552419639420322,-0.000564104503723527,0.000170375546945488,1,"train","train","train","train","train","train","train","train","test","train"
"52","Iamara",-3.63853336862279,-5.22148330924959,-1.3649539250548,0.938279710148486,-0.846331113285988,-0.856159183262144,-0.226484875897589,0.271272577632492,0.372987316050336,-0.273168358733138,0.103643542077801,-0.0700087344087047,-0.234780879744248,0.00402087840794846,-0.0357072342780271,0.0681966075806864,0.00900632135223539,0.00116543715020338,-0.00969598430358399,-0.00805903972647581,-0.0256267232149182,-0.0057611513888245,0.000828455563682934,-0.0012589072503984,7.70006939484357e-05,0,"someday_test","someday_test","someday_test","someday_test","someday_test","someday_test","someday_test","someday_test","someday_test","someday_test"
"53","Itinctoria",-4.69927415077233,-5.50669740241262,-2.36141929074147,0.548839718672347,-0.0653771345550412,-0.179698249460696,-0.586918612277068,0.728546197857845,-0.121171074317064,-0.527730904581222,-0.0332379359457501,-0.151047480076317,-0.149007091724321,0.0539717395738562,-0.0413092930256204,0.0257058396100985,-0.0140048019550652,0.0318089087087209,-0.00983869022246786,0.0213313958836613,0.030913781066009,0.00187192275934645,0.00283782243652065,-8.67779511128895e-05,-1.33284153340933e-05,0,"someday_test","someday_test","someday_test","someday_test","someday_test","someday_test","someday_test","someday_test","someday_test","someday_test"
"54","Kfedtschenkoi",0.211954354321815,-1.13789012648108,-0.219702698784991,-0.830841915922499,0.0469629227022074,0.0901087946897697,-0.459636641861781,-0.363353185838766,-0.0213821468198152,0.0955326033144454,0.0947888427272972,-0.0773808843385349,0.00201892653344454,-0.0286495536823412,0.0594708861259251,-0.0946867860330034,-0.0238079151941352,-0.0165797703000648,0.00480621673261503,-0.00612085088710562,-0.00484985658351111,-0.00122067850718879,0.000189739766186886,-0.000355086451938338,0.000220929158327071,1,"train","train","train","train","train","test","train","train","train","train"
"55","Klaxiflora",-1.91047845815218,-2.84976619414909,-1.57236824525368,0.328789960632761,0.240170417525939,-0.615428841008978,-0.647725694393316,-0.343437124728481,-0.0611063005799429,-0.180702016948229,-0.00252331656927068,-0.00532077919188987,-0.09022777386246,0.0294354952896642,0.00263567977985401,-0.0300749978029406,-0.0127281799905966,-0.0181032223198548,8.31938615451083e-05,0.00710171453730724,-0.0140132212564536,0.00108845355987145,-0.000838066894012793,0.000223363015781722,0.000239887422255003,0,"someday_test","someday_test","someday_test","someday_test","someday_test","someday_test","someday_test","someday_test","someday_test","someday_test"
"56","Lannua",-0.459000174034452,-2.62629222935885,-0.579993965825737,-0.143468913049076,-0.564222640731536,-0.395677002839956,-0.534995757034936,0.0123290982567368,0.123823011148364,0.068997255619846,-0.00604997041058944,-0.0251031858546034,0.0145277857729893,0.00221391304106992,0.0280108082985282,-0.0206170830919868,-0.00138309933059393,-0.016185425739044,0.00534601052783982,-0.0148726509586143,-0.0154095175684597,-0.00141707217398577,-0.000350621032743294,-0.000303715238000578,0.00018228793208105,0,"someday_test","someday_test","someday_test","someday_test","someday_test","someday_test","someday_test","someday_test","someday_test","someday_test"
"57","Lsativa",-2.50218221953682,6.66904392343806,-0.634819746899139,0.634340598818063,-2.12790086866341,-0.271965565223883,0.869139060428213,-0.119796972052786,-0.125884627722191,0.124713446094616,0.0311239258692093,0.0680302853625188,0.0263345351224541,-0.00154102573472105,0.0168037075383614,-0.0311492189929836,0.023764145930939,0.00370904238988205,-0.013425763681425,0.0657178866710235,0.00174719470927885,-0.00211952363090245,0.000151279412629215,-0.00107049376801326,-0.000152308715014466,1,"train","train","train","train","train","train","train","train","train","train"
"58","Lsativum",-1.02912386471201,-0.762792149330964,-0.908784852975366,-0.0441553217611725,0.156503873496728,-0.733106227207696,-0.350409767755312,0.259493253778728,-0.0763094730411794,-0.0828652457150672,-0.104675970152279,-0.0283197327502108,0.0276259713811305,0.0316615481006687,0.0444050084638223,-0.0523092670319261,-0.0112939071559615,0.0064390655937342,0.00378179592806804,-0.00535650146217731,-0.00433798750233461,0.000196135824441687,-0.000429875896354475,-6.69994142643523e-05,0.00013160816438707,0,"someday_test","someday_test","someday_test","someday_test","someday_test","someday_test","someday_test","someday_test","someday_test","someday_test"
"59","Lusitatissimum",-0.65726460568442,-3.08119365956339,-0.190293238763242,-0.175092183487159,-0.102907188712657,0.335275898180489,-0.192992069693058,0.374248823428961,-0.687919940886232,-0.758392691586475,-0.0769287999987035,0.724590336065197,-0.0468068471422714,-0.545200126591339,0.117031417297063,0.0528525774966425,0.00969733724234667,0.00264813945415367,0.0968757445484186,0.00727470978341463,0.00130628186477309,-0.000268589325622357,-0.000407515881176977,-0.00027948864393537,-0.000267998317382969,1,"train","train","train","train","train","train","train","train","train","train"
"60","Macuminata",1.16510111963365,4.48818600934107,-0.650766240116033,-0.554050947133615,-1.72050929821352,0.0818119053183295,-0.0057545922695719,0.389457416974372,-0.0341951549494039,0.321213862658499,-0.276348193264517,-0.0284053192932895,0.338000195558577,-0.0202551267408997,0.049760387654876,-0.00372454540896816,0.0242017000611539,-0.0301638737285544,0.0043969212683236,0.00974365633437729,-0.00558130002133807,-0.00526565814107893,0.000535540541689087,-0.000585247478483637,6.43144751406431e-05,1,"train","train","train","train","train","test","train","train","train","test"
"61","Mdomestica",-0.0396607548023685,4.21868415929863,-0.950024275042264,-0.141703171205034,-1.78635893505037,-0.163688248343007,0.141334479299397,0.568391132177567,0.144139053026339,0.0201825082504046,-0.189314351257083,0.06583625435405,-0.0955598989259351,0.0227611322932248,0.0149476018317308,-0.0330798414303152,-0.00370415930326731,-0.0252445922524733,0.00612572434495295,-0.0402550071042181,0.0168922497858722,0.00247299459709226,0.000884892657748725,0.000747058523808234,3.54058938845011e-05,1,"test","train","train","train","test","train","train","train","train","train"
"62","Mesculenta",-1.65966891256885,0.254144956201955,1.47714155378667,-0.510353713681293,0.0029975765034686,0.328832215419185,-0.0790402896519926,-0.0174965890385698,0.586524646974173,0.0631001669663884,0.0831756096879001,-0.0366056088275712,-0.156062311161662,-0.000401010338756514,0.0934536797521777,0.0687161493492845,-0.0144455647152477,-0.0311555455907649,-0.00188284384090581,-0.00784675856313022,0.0113800616623062,0.000304129726165687,-0.000790924058212058,-0.000250704390861993,-8.93070849574152e-05,1,"test","train","train","train","train","train","train","train","train","train"
"63","Mguttatus",0.424630529911453,0.573317969555591,1.14996640834661,-1.15621891244152,0.202044003471225,0.260500410803501,0.397615353636249,0.0840062015865871,0.144310214921567,-0.308502897753249,0.00870197222282204,-0.110024916716792,-0.114149284220727,0.0440627466846052,0.0515296959609632,0.0145867134726654,0.0789757329267642,0.0144663615455529,0.00703061962678697,-0.0280899883627662,0.013107996129628,0.00108515890570888,0.000104537418641386,-0.000145714431398935,-6.21017277558968e-05,1,"train","train","train","train","train","train","train","train","train","train"
"64","Mmaritima",1.12299908466092,-2.75815891965296,0.152321046808474,-0.771780229964481,-0.165641913383148,-0.0701440073642336,-0.414003708252087,0.00413198810925197,-0.156127469954855,0.306520734285761,-0.0385410238904025,-0.149857274304134,0.148668839652296,-0.0474244414173251,0.0500616465761657,-0.0726197001869259,-0.00808048398909963,0.0338897382512635,0.00673660457657096,-0.0142714470343933,-0.00847717049635071,-0.00152744624442884,0.000454063674189395,-0.00117693509579502,0.000104767703548034,0,"someday_test","someday_test","someday_test","someday_test","someday_test","someday_test","someday_test","someday_test","someday_test","someday_test"
"65","Mperfoliatum",1.51666566208724,-2.08406446261606,0.279984743594215,-0.752447804756661,-0.140402844841137,-0.112711124665785,-0.408823656991601,-0.0988762563111995,0.0611766451225571,0.242502785605423,-0.0500337328749756,-0.0510663536608172,-0.00758657824581071,-0.0376252626975849,0.0605889813524842,-0.13900670886257,-0.0111627390138012,0.00870519654198018,0.0044710795618674,-0.0143754751672804,0.00336765337568557,-0.00229726885990761,0.00116692737694523,-0.000845084479717879,0.000146000481679839,0,"someday_test","someday_test","someday_test","someday_test","someday_test","someday_test","someday_test","someday_test","someday_test","someday_test"
"66","Mpolymorpha",1.39001534369605,-2.05710135343401,0.758109900233747,-0.0851224020131821,-0.598489928079434,0.607702904036811,0.203692461585174,-0.584043547844057,-0.162877018337027,-0.221947840700218,0.0399881416581891,0.00558884310283981,0.00645711775528053,0.104130607362286,0.0641315156920928,0.00859856256323246,0.0592455993424325,0.027645662965934,0.0147968079400228,-0.0549617926963327,0.0183612800805145,0.00164682928177666,0.00177774828932105,-0.00129838914054398,-4.7494337790972e-05,1,"train","train","train","train","train","train","train","train","train","train"
"67","MpusillaCCMP1545",10.3486806439867,-0.340354527117137,0.522615060756369,0.857326320598286,-0.817624805055424,1.56195194088585,-0.465533357161375,0.735429155975362,0.24801942662559,0.244747957152372,0.446032502002237,-0.059038630691198,-0.0393072886576124,-0.0586721260093095,0.0202455967563218,-0.0292790705247108,0.0132280164729788,-0.0177279838457129,-0.00495901379323471,-0.0135776107429844,-0.00180009863490707,-0.00221930734744284,0.000252461576208295,0.000282192708039107,5.4809823318051e-05,1,"train","train","test","train","train","train","train","train","train","train"
"68","Msinensis",-5.87275283343567,0.741868353818959,1.52431060550246,1.17128215885059,0.816505309715217,1.47025172821438,-0.517871741416635,0.46819472557292,-0.0805058983266591,-0.109965422695699,0.00435333832093793,0.189188768042247,0.148877294575727,0.139066930485807,-0.0191599967100618,-0.0590382810779376,0.00731912282979552,-0.0132214894678467,0.0233589179745019,0.000798014447528916,-0.010923738725821,0.00230634121362391,-0.000252835068296294,-0.00151324536183978,6.19707180076484e-05,0,"someday_test","someday_test","someday_test","someday_test","someday_test","someday_test","someday_test","someday_test","someday_test","someday_test"
"69","MspRCC299",10.0242310815674,0.0725699737545079,-1.03618491886002,1.93186488517881,1.59309158893299,-0.0577112119194568,-0.467478390215211,1.27767919905355,-0.134056264505852,-0.022722874744146,0.437166554475224,-0.0979954703248056,0.0240091515186696,-0.00663910185937233,0.0120867065025036,0.0323480203163949,-0.00497961702108551,0.0117091980193665,-0.00665461561722935,0.0128288392674649,0.00206813156032787,0.0017410944707129,-0.000293176977264978,0.000417461216014797,3.04979827559399e-05,1,"train","train","train","train","test","test","train","train","train","train"
"70","Mtruncatula",-1.32968894452927,0.991450053846444,0.740257031569878,-1.41050141348327,1.08973374885475,0.0369895220616465,-0.300582974364507,0.675301151560333,0.205020640512027,-0.077982826008834,0.10725792161666,-0.00973696534654605,0.0105031957468907,0.00617316798956725,-0.0879925376107712,-0.00129406723332986,-0.00691705292763467,-0.0161860594002129,0.0172674873143151,0.0237115948502945,-0.0138979651543848,0.00270125195909019,-0.000552412394294077,-0.000571971008012247,0.00012570136859088,1,"train","train","train","train","train","train","train","train","train","train"
"71","Oeuropaea",-4.36217234893855,-2.5263908111962,1.58562648432849,0.346143496351823,-0.265117776555688,-0.0967105517928926,0.155739845290125,0.435525980947006,-1.14999469942877,0.764630022681046,-0.0789143381093865,-0.21362596214349,-0.162829286073412,0.0179379950807529,0.00336805656186192,0.0299249354120353,0.0334412188933693,-0.108588385700294,0.0388377230851722,0.0432718158758094,-0.0295661432998623,0.010841336811728,0.00361496097965107,0.00144440703358048,3.07425370100607e-05,1,"train","test","train","train","train","train","train","train","test","train"
"72","Olucimarinus",12.4245187746467,-1.11805205524153,0.857791394836534,2.06099244580319,0.621329499503628,-0.57397936158994,0.334152374580575,0.68036312663599,0.213261874910544,0.197721765382101,0.714577187450295,0.0553257849471712,-0.0237340810796814,-0.0100050834017333,0.0127274399624961,0.0250539257121536,-0.00238300922470336,-0.00904440737514653,0.00344818185063311,-0.00623888619866086,-0.000345958133504604,0.00198627465246862,-0.000334733376191793,0.00023261127560173,-7.03128694912417e-05,1,"train","train","train","train","train","train","train","train","train","train"
"73","Osativa",1.68475990821584,4.0958283243167,-1.7482735937505,0.938143119692759,0.304397417366491,-0.674045894179643,0.0756399095668012,0.30286935928067,-0.219253041725431,-0.10188324997936,-0.132051504485783,0.017717685481176,0.0206377171565603,0.0374651584300726,-0.0016959454406475,0.032759289078599,-0.00415971019635745,-0.00188994689649151,0.00151775484378262,-0.0106302855865248,0.0116541813460121,0.00385465483890901,-2.00082082071216e-05,0.000594647137276972,8.45357032340223e-06,1,"train","train","train","train","train","train","train","test","train","train"
"74","Othomaeum",1.91902799988031,-0.953246385588698,-0.0864125096349834,2.41441654532395,1.621347382355,-1.37730348828345,0.441005932325312,-0.125465376356683,-0.0443068280665815,0.0225808850408746,-0.215071741019984,-0.11967125251307,0.0559665744702484,-0.106899780384744,-0.0991763807792437,-0.0969692616804453,0.0698164615594907,0.022347046614644,-0.0097955351438801,0.0097350524430852,0.00257129906107521,-0.00222451143463987,0.000749529915756269,-0.0010510380080099,-6.07975494093936e-05,1,"train","test","test","train","train","train","train","test","train","train"
"75","PdeltoidesWV94",-1.53364565250213,0.388004770036749,0.562247838275257,-0.895492739298384,0.880267162993996,-0.253435368775517,-0.44068058584146,0.188206639118816,0.403422144856221,0.319228612868051,0.0256493579893391,-0.0917360145584979,0.142446201097608,-0.14039503299449,-0.147585449692118,-0.0634721770682583,0.0637429819093976,0.0150615308328093,0.0128611053880279,-0.0267433696144549,-0.00745170577862452,-0.00234005321144369,0.000101506249843808,-3.24713083391243e-05,7.31784486727645e-05,0,"someday_test","someday_test","someday_test","someday_test","someday_test","someday_test","someday_test","someday_test","someday_test","someday_test"
"76","Phallii",-0.514247540099783,1.99449198747,0.717558911006007,0.978414234157718,0.395866387776764,0.699414679912114,-0.553563552802968,-0.0392109539933151,0.290792869742456,0.303397663428071,-0.0193382358160081,0.150921143693498,0.0355613124131923,0.0439076402543289,0.00913575836473861,0.0998556870424212,0.000102284086817114,0.0273246621675739,0.00143639635567042,-0.00565031298768555,0.00383366102272919,-0.00200698438780813,-0.000598713469377005,0.000294980496171118,-0.000253317768735462,0,"someday_test","someday_test","someday_test","someday_test","someday_test","someday_test","someday_test","someday_test","someday_test","someday_test"
"77","Ppatens",-1.05598576113817,1.87529330315913,-1.15285562838321,-1.0503743631287,0.675664164366285,-0.278898015591514,0.110015394158836,-0.82665666335483,-0.167726044213969,-0.330935278281012,0.415295672939853,-0.123017835874407,-0.107183236822834,-0.00329935296703884,0.0379919813413366,-0.0232332532165841,0.0537621714106012,-0.00485357871054252,-0.00349146870274564,0.0224689981509884,-0.00669324127727759,-0.00137658470712529,-0.000815058881744444,0.000722252606462383,0.000159403180713959,1,"test","train","train","train","train","train","test","train","train","test"
"78","Ppersica",1.67393836921078,2.45516114417378,-0.484502878023808,-1.26676490209576,0.763400148875725,0.209585051529477,0.30057897853986,-0.401149000890023,-0.25816958765249,-0.2937008788067,0.0349889734456454,-0.295336541725942,0.0758269639905556,-0.051562448008027,0.0251758175687422,0.0393571833179349,0.000391353515345791,0.0348988890024765,-0.00754347259538882,0.0132493760420195,-0.01335599401693,-0.00739444457653622,-0.000243591425468999,0.000328923249556581,-5.54007323092456e-05,1,"train","train","test","train","test","train","test","train","train","train"
"79","Ptrichocarpa",-1.3774544333147,0.674408047099167,0.234510786145559,-1.00553432142396,0.933344842665495,-0.174051882792368,-0.313526557711512,0.0322730744864867,0.0559695710192469,0.000577393138307531,0.119306118749282,-0.0651913159386085,0.133901818751777,0.0254052019293302,0.0734954492311063,0.0195734269152467,0.00219850861317047,-0.0326147339984715,0.0141419294227847,-0.00407643742788555,-0.00529103093777361,-0.00167381874868023,-1.9965562376564e-06,-0.000342798077743561,0.000139806130972259,1,"train","train","test","train","train","train","test","train","train","train"
"80","Pumbilicalis",5.52578901869997,-4.15666999825432,1.32769179678572,2.91964175403063,-0.601921559490614,1.03806899521174,0.358691814233816,0.367754528326914,-0.101374956417106,-0.126754531897286,0.479754101909825,-0.0070189607569492,0.00199472266067652,0.0329803435935282,-0.0241929742924013,-0.0296758691540678,0.00237751818046117,-0.00314489176611285,0.0014714380060451,0.000253729201460828,0.000770985183211198,-0.00356714665110845,0.00270443617869667,-0.00120968733911601,-0.000153218543081195,1,"train","test","train","train","train","train","train","train","test","train"
"81","Pvirgatum",-3.90147137773198,2.27016856326333,-1.07372738634618,1.21935259545887,1.62158610383443,0.720392085147988,-0.931306598672447,0.221085060463941,-0.0572567541620873,0.00294044289323658,-0.102129631091768,-0.0945713693233557,-0.0220162053207253,-0.05341934807257,-0.0549671870688278,-0.0485078729256886,0.036817100309826,0.0164923124285385,-0.0126317307605895,0.0253762559411501,0.00999127964262758,4.96893055382808e-05,5.74959690703746e-05,-0.000327059731567632,3.82209751722117e-05,0,"someday_test","someday_test","someday_test","someday_test","someday_test","someday_test","someday_test","someday_test","someday_test","someday_test"
"82","Pvulgaris",-0.489811977320599,1.88955443540084,1.023696444111,-0.161045901081971,0.285025925137781,-0.397524775161413,0.369089701870619,-0.346534305287198,0.256957484661919,0.0655769016469398,-0.0114173968004186,0.0603352618392338,-0.0503038378531906,-0.00876288764415689,-0.0223414249800686,0.0111946587076336,-0.054908356984137,-0.0227706570432026,0.00539151169354523,0.0171298448082374,-0.00444793273087758,-0.00134831717230324,0.000285891391007444,-0.000867463486763002,-7.37741108480593e-05,0,"someday_test","someday_test","someday_test","someday_test","someday_test","someday_test","someday_test","someday_test","someday_test","someday_test"
"83","Rcommunis",-0.567361907070175,-3.77217289069708,0.846318135683069,-0.229757922875123,-0.632685583181151,-0.582354947664036,0.470192976833121,0.184708176087794,-0.487430044552429,-0.347066055304194,0.143443431298669,0.315853872280912,0.196338917921941,0.104954380199104,-0.0661947845052602,-0.0577320326194943,-0.0365176929232572,-0.00560470208995575,-0.0440325450464671,0.0200324057605059,0.0170601843643978,-0.0114048248865292,-0.00699781525462077,-0.00135147697458879,0.000175286732386057,1,"train","train","train","train","train","train","test","train","train","train"
"84","Rislandica",2.01003999393869,0.0226986410653757,-0.474413947487464,-0.455145536988038,-0.134119651819097,-0.854776017180423,-0.259369417932461,0.0169771392076152,0.0808636181286453,0.155858920941294,-0.0591929591100353,0.0686035978962081,0.013331950967966,0.0241847803002462,0.0446227903336033,-0.0439716975718499,-0.00736425013416964,0.00560440273296384,0.0085462168000356,-0.0171963520771881,0.00186590259292452,-0.000572204627082837,0.000291697812788482,9.99809545908534e-05,7.97860510842512e-05,0,"someday_test","someday_test","someday_test","someday_test","someday_test","someday_test","someday_test","someday_test","someday_test","someday_test"
"85","Salba",-2.21599376180407,-4.44346227062845,-0.736172208919625,0.110034182412102,-0.603247901155352,-0.271750209576141,-0.288241233184748,0.0881267700804848,-0.0509232879077275,-0.0492531509894245,-0.0304703249720565,-0.173068486141305,0.181981999381237,-0.00971095411329333,0.000825915988484627,0.0566592274058231,0.0054505940918288,0.0161534785224639,0.00167244629947215,-0.00219789639588255,-0.0123062270489527,0.00418401277274581,-0.00173608079164301,-0.00147001739344362,0.000127979886072035,0,"someday_test","someday_test","someday_test","someday_test","someday_test","someday_test","someday_test","someday_test","someday_test","someday_test"
"86","Sbicolor",-1.32289686436968,2.1058784263447,0.973899897149615,0.387659468024246,0.115148458496006,0.924709169997081,0.117346780938263,0.0418869858580412,-0.0939443555558228,-0.186657434312317,0.0257820084880823,0.0841958676301602,-0.0194653371009692,0.110561954603666,0.0365225123001586,0.037591813049649,-0.0562153222930974,-0.026598161173439,0.0144387512130734,-0.00582713185182783,-0.0135208020292608,0.00071341310498458,-0.000144002315488347,-0.000699870662420407,-1.31792690832107e-05,1,"train","train","train","train","train","train","test","train","train","train"
"87","Sfallax",-0.137992548496396,-1.24061281612202,0.151598348103361,0.595858032617414,-0.211665256162236,-0.963323276383201,0.17384620764771,-0.599841678171372,-0.0534340240186762,0.104270862643299,-0.0646257943320514,0.0828523841178774,0.139615621606109,0.0438991056371984,0.0172276570022773,0.00949181847626069,-0.0148301650523805,-0.0115083249648455,0.0172259559380512,-0.0317920712375026,-0.0170811467244867,0.00128486343373337,-0.00104167596928527,-0.000228584255130292,5.86041221355689e-05,0,"someday_test","someday_test","someday_test","someday_test","someday_test","someday_test","someday_test","someday_test","someday_test","someday_test"
"88","Sitalica",0.559645400027364,2.5231770257945,0.183486554910374,0.258322850958725,0.490116383371089,0.886446263076837,0.372488833438215,0.270615384876712,-0.295464148143709,-0.355030520107596,-0.157156569735881,-0.269069557852261,-0.000746267023296213,-0.0083499318337211,0.0210842663853181,0.0145300486415919,0.0478175033673747,0.00852496606714297,-0.00189122128699114,-0.0210573376289523,-0.00314053709875147,-0.000663392126961831,-0.000689825309571011,0.000982621019132482,-6.63716941762442e-05,1,"train","train","test","train","train","train","train","train","train","train"
"89","Slycopersicum",0.0910515010413648,4.83794474953204,-0.268009425553971,-0.291770325628475,-2.15087696028278,-0.760256002883855,0.634248312998333,0.410226293446286,0.256356010232266,0.121036735550969,-0.111934889924514,0.146563981634202,-0.0132566205850318,0.0395983977675839,-0.00465552774167752,0.0330710992043335,0.00216572250783865,-0.0125058733948632,0.01203498924806,-0.0357252798260214,0.0095767956974516,0.0021489167835779,0.000201844387316364,0.000665100806751856,-0.000107239086075222,1,"train","train","train","train","train","train","train","test","train","train"
"90","Smoellendorffii",2.06454681176171,-1.24933377828196,0.435237259774456,0.603981790287328,-0.570277115739127,0.377319046793943,-0.0234751844386235,-0.258969576109611,0.00104573811440879,-0.00266831466160854,-0.185656701408937,-0.0363192706343871,-0.0136213027018269,0.0226714954223348,0.081340326311027,-0.00345988174064126,0.0155781659751071,0.00364161075030851,-0.00904178585972758,0.00475376704443692,-0.00107839018438062,-0.00155078381651907,-0.000635565499435667,-3.13398097245669e-06,-1.90536863896984e-06,1,"train","train","train","train","train","train","train","train","train","train"
"91","Spinnata",-3.83881070024844,-5.39058959730861,-0.605053940437315,0.92695046870108,-1.21354920047562,-0.136442591574343,0.0934897630097271,0.212913194555562,-0.0475632041245196,-0.0287401806964036,0.0375691599797535,-0.242966478451433,0.332800803836091,-0.0338876617234609,-0.022963905572262,0.114149971490914,0.00834046886751862,-0.000899801092077917,-0.000381710336709602,0.0114844010972887,-0.00818556655285894,-0.000328468612317555,-0.00230901045443404,0.00287869690412851,-0.000155528566722072,0,"someday_test","someday_test","someday_test","someday_test","someday_test","someday_test","someday_test","someday_test","someday_test","someday_test"
"92","Spolyrhiza",4.17273878037862,1.42371613488757,-0.0868109603914388,-0.551844587295922,-1.56260428286512,0.305542688495779,-0.217226486857853,-0.0627142077961437,0.3129225237803,0.256561743737829,-0.122349265677959,0.0870140908686859,-0.0724914580418592,-0.0169534896892031,0.0303752669076874,-0.0532577946164015,0.00594261470584523,-0.0217345702214685,-0.00412217209967708,0.00893305228073904,0.00636846678155685,-0.00314260569030438,0.000712610810172501,4.70779273293179e-05,3.89223964984438e-05,1,"train","train","train","train","train","train","train","train","train","train"
"93","Spurpurea",-2.35204758455069,-0.831003016609063,1.09200737842952,-1.38374486312979,0.834199663564155,0.605814857022811,-0.503945231322249,-0.193038088694159,0.375043363842293,0.0698682069279206,0.217647452415056,-0.00861685112726352,-0.06413667767694,-0.0124791741502216,0.0169780708444493,-0.0365673857266369,-0.0105639626187654,-0.0101763490883757,0.0057314228724856,0.0164216547837063,0.019187049545276,0.00728485196387857,-0.00132447606147197,-0.000707066242896924,0.00010605131098044,0,"someday_test","someday_test","someday_test","someday_test","someday_test","someday_test","someday_test","someday_test","someday_test","someday_test"
"94","Stuberosum",-0.104629364893122,4.79941911828002,-0.809525311041515,-0.461093760735288,-1.89752478188406,-0.50754494799915,0.372378488318017,0.499363816492842,0.13831304795499,0.136364916711788,0.317572743053774,0.0666652097049751,-0.020940908713643,-0.00566135961771513,0.00174627680355709,-0.0105519901825277,0.0202964537440559,-0.00766494710550916,-0.00445615979670824,0.0493167719635746,-0.00363237419140673,-0.00148073326008648,0.000178934509629181,-0.000609824956561503,-7.24828806617148e-06,1,"train","test","train","train","train","train","train","train","train","train"
"95","Sviridis",1.56414090604772,4.44059144040401,-1.58077932538298,0.785146361704992,0.150530096473374,-0.0156580520751232,0.0631909430181548,0.131014922290579,-0.242220955111294,-0.0523478229301405,-0.158038785754642,-0.0748109695620696,-0.0261930908107171,-0.0456542558555059,-0.0872793375642201,-0.0138257193025888,0.0194303783448144,-0.0067624120517377,-0.00032184484416662,-0.0142060492371197,0.00796307218908822,0.00543213333204684,7.55156147947049e-05,0.000363350744091531,7.67396344814314e-05,0,"someday_test","someday_test","someday_test","someday_test","someday_test","someday_test","someday_test","someday_test","someday_test","someday_test"
"96","Taestivum",-2.80550852419486,-7.28994772349566,-6.79218237670965,-0.921828420799981,2.53461232409037,2.62485382936929,3.03780893742546,0.480438115661132,0.482766237321604,0.770041408135468,-0.0687564935895784,0.263326131498488,-0.0522307903193626,0.0296730588030954,0.0532108696370928,-0.0394931505149108,0.000330550005833263,-0.00345558308881014,-0.00171209132244243,-0.005882064551751,-0.00960080389442738,-0.00140807068862742,-0.000721300432175356,0.000539545010134906,-1.25040502496023e-05,1,"train","train","train","train","train","train","train","train","train","test"
"97","Tarvense",-0.618348996462667,-1.76701143867471,-0.290527630086119,0.729277748231402,-0.59127700703302,-0.503149491780774,-0.212984384415469,0.101108824341247,0.0483366799494633,0.0442998838532295,0.00227234783178074,-0.00712089059155882,0.0411420926708854,0.024570875299975,0.0577527499899782,-0.0181768665965435,0.00322115270403197,-0.0216751478491052,0.00381294348301827,-0.0098879624538423,-0.0116051171198622,-0.000290414632901528,-0.000801808583289303,-0.000158029006488506,0.000107352699210516,0,"someday_test","someday_test","someday_test","someday_test","someday_test","someday_test","someday_test","someday_test","someday_test","someday_test"
"98","Tcacao",-0.0647715547332802,1.32593039407754,0.611266675241956,-1.2750497135762,0.521381833741653,-0.00831677455621804,0.0143068779860458,-0.290089420540403,0.174251735906033,-0.0486967979330528,0.0840872761335982,-0.0217127466544179,-0.0819817621539889,0.0142068954948262,0.0211687863652511,0.0337517908268424,-0.0320366810329569,0.00709250964318923,0.0109551499444393,-0.0263242422518686,-0.000859994714916924,-0.00114188517637759,0.000174394827628034,0.000181279808959561,-3.4610702493375e-05,1,"train","test","train","train","train","train","train","train","train","train"
"99","Tintermedium",-10.1493179906799,3.7178370152263,0.318546639192019,2.54518552539486,0.0730508514043333,0.903986247538339,-0.707740769477471,0.883988152922364,0.0307721894306206,0.206957007598805,-0.0431644435020095,0.100902655221666,0.151031577885633,0.124542627514694,0.16704601071432,0.0713963287044695,0.00193818080503588,-0.0079944522504303,-0.000272187707824723,-0.0013721387526564,0.0117382873087257,-0.00247320486309663,-0.000265644318845262,-0.000174972816651443,-0.000230688991408893,0,"someday_test","someday_test","someday_test","someday_test","someday_test","someday_test","someday_test","someday_test","someday_test","someday_test"
"100","Tpratense",-1.17168272080819,-2.45766257273883,1.50728664151699,-1.41226046367578,0.403693887600084,-0.128511473426918,0.00471962618090612,0.601629707144003,-1.66636040716944,0.799295451836261,0.02187887946972,0.0602877618111472,-0.329105173906309,0.000872723373658765,-0.127791748931605,0.0930454273293734,0.0185017600856506,-0.0510662223842604,-0.0373790668477689,-0.0421485524222765,0.0335460990154232,-0.009922439062769,-0.00339611290612108,-0.000790266917786918,0.000298470049798676,0,"someday_test","someday_test","someday_test","someday_test","someday_test","someday_test","someday_test","someday_test","someday_test","someday_test"
"101","Vcarteri",3.83313189037261,-0.468969065321504,0.708809357712506,0.604306700416147,-0.466353545235333,1.71803740690013,-0.25970287264814,-0.901350180081103,-0.279794687148961,0.0835808073722416,-0.40540008537224,-0.0118995196528546,0.208154302672664,0.0315204181672496,0.02292815643949,0.0026316216650043,0.0273252886675263,-0.00754901316743018,8.69556381533076e-05,0.0146867257883523,-0.0199559203682968,-0.00288239738852091,-0.00124467136291254,-0.000494596925833378,1.98904538592432e-05,1,"train","train","train","test","train","train","train","train","train","test"
"102","Vunguiculata",-1.06765618642096,1.13364438856575,1.14698757194959,-0.188816977628828,0.813132381317488,-0.896344273290242,-0.111864075619326,-0.437525274779478,0.575623859443677,0.381645099492141,0.104708465713193,0.207983779151935,0.0490754005545295,-0.011551305922214,-0.0911779022541442,0.049199739803804,0.0530715467910192,0.00118541569849726,0.0178797009979971,-0.0168443664529904,-0.00113984393682776,-0.00121043342509801,0.000358405614317187,-0.00063582410430056,-9.29035609733408e-05,0,"someday_test","someday_test","someday_test","someday_test","someday_test","someday_test","someday_test","someday_test","someday_test","someday_test"
"103","Vvinifera",0.280978452929427,3.29893699153366,-1.0659173951096,-0.638905497249802,-0.874001859738435,-0.601883626605851,-0.0100129970864253,-0.330122794288408,0.141145788231523,0.131322804376079,0.23280006784715,0.115997519172805,-0.0444768089665443,0.00372298423512789,0.00167358120299467,-0.000271850006955305,0.0268667280947299,-0.0260653784998272,-0.00802678078379506,0.0800271964610366,-0.00726824255146362,-0.00191388175259904,-0.000170985562694727,-0.000862985434672365,9.23834613903599e-05,1,"train","train","train","train","train","train","train","train","train","train"
"104","Zmarina",1.61593699520128,-3.11332169028858,0.654406575933226,0.016909560905263,-1.15461325859878,-0.171385830796864,0.039612192037187,-0.391221981233109,0.236606155758635,0.0179827626223981,-0.00916779551039526,0.101344490059749,-0.0664429257730645,0.0375760357552785,-0.0136358750307252,-0.00227446881926962,-0.0214473748385316,-0.0117239770889451,0.00763625964924365,-0.00439221445584015,-0.0131854598529402,0.00176709088868203,-0.00168747338727765,0.000957029471260333,-2.49763722535805e-06,1,"train","train","train","train","train","test","train","train","test","train"
"105","Zmays",-4.72202023504549,4.06283464610838,-0.530637451449179,1.34553253843099,0.743752414975913,1.04614215538013,-0.506379714393533,-1.28096497775454,-0.135545057803096,0.20662733735985,0.308157072931398,0.107205045459006,0.0485395099582282,0.0135958703206135,0.00160760160189377,0.0432148270133752,-0.0296095126883016,0.0194511320098431,0.00908948753343403,-0.057435471148001,0.00555204983723295,0.00102729136957967,-0.000232377870561535,0.000421456460452538,-7.16576283101739e-05,1,"train","train","train","train","train","train","train","train","test","train"
